============================================================
z_global + minSize (F4, F7, F8)
============================================================
| Point(j,k) | index_z0(j-1) || Point(j,k) | index_z2(j+1) || Point(j,k) | index_z0 && z2  |
---------------------------------------------------------------------------------------------
| (  6,  5) |      5.964499 || (209,  5) |      5.176950 || (  3,  4) |  4.982, 4.982 |
| (  7,  5) |      5.883846 || (210,  5) |      5.089019 || (  3,  5) |  5.964, 5.964 |
| (  8,  5) |      5.752830 || (211,  5) |      5.000761 || (  4,  4) |  4.982, 4.982 |
| (  9,  5) |      5.595601 || (212,  5) |      4.912045 || (  4,  5) |  5.964, 5.964 |
| ( 10,  5) |      5.397920 || (212,  6) |      5.917574 || (  5,  4) |  4.982, 4.982 |
| ( 11,  4) |      4.158693 || (213,  5) |      4.822742 || (  5,  5) |  5.964, 5.964 |
| ( 11,  5) |      5.160055 || (213,  6) |      5.830364 || (  6,  4) |  4.982, 5.064 |
| ( 12,  4) |      3.874666 || (214,  5) |      4.732716 || (  7,  4) |  4.899, 5.196 |
| ( 12,  5) |      4.882618 || (214,  6) |      5.742455 || (  8,  4) |  4.765, 5.351 |
| ( 12,  6) |      5.890404 || (215,  5) |      4.641826 || (  9,  4) |  4.604, 5.544 |
| ( 13,  4) |      3.559270 || (215,  6) |      5.653710 || ( 10,  4) |  4.402, 5.773 |
| ( 13,  5) |      4.574592 || (216,  5) |      4.549930 || ( 43,  4) |  3.251, 6.000 |
| ( 13,  6) |      5.589552 || (216,  6) |      5.563989 || ( 44,  4) |  3.344, 5.900 |
| ( 14,  4) |      3.264164 || (217,  5) |      4.456875 || ( 45,  4) |  3.440, 5.802 |
| ( 14,  5) |      4.286427 || (217,  6) |      5.473143 || ( 46,  4) |  3.536, 5.705 |
| ( 14,  6) |      5.308140 || (218,  5) |      4.362853 || ( 47,  4) |  3.630, 5.609 |
| ( 15,  4) |      3.009585 || (218,  6) |      5.381361 || ( 48,  4) |  3.723, 5.514 |
| ( 15,  5) |      4.037867 || (219,  5) |      4.272328 || ( 49,  4) |  3.815, 5.421 |
| ( 15,  6) |      5.065433 || (219,  6) |      5.293000 || ( 50,  4) |  3.906, 5.328 |
| ( 16,  5) |      3.829335 || (220,  4) |      3.165298 || ( 51,  4) |  3.997, 5.236 |
| ( 16,  6) |      4.861827 || (220,  5) |      4.188571 || ( 52,  4) |  4.088, 5.145 |
| ( 16,  7) |      5.893488 || (220,  6) |      5.211255 || ( 53,  4) |  4.178, 5.054 |
| ( 17,  5) |      3.660649 || (221,  4) |      3.086611 || ( 54,  4) |  4.267, 4.963 |
| ( 17,  6) |      4.697131 || (221,  5) |      4.111788 || ( 54,  5) |  5.265, 5.944 |
| ( 17,  7) |      5.732671 || (221,  6) |      5.136323 || ( 55,  4) |  4.357, 4.873 |
| ( 18,  5) |      3.530778 || (222,  4) |      3.015236 || ( 55,  5) |  5.352, 5.856 |
| ( 18,  6) |      4.570329 || (222,  5) |      4.042148 || ( 56,  4) |  4.447, 4.782 |
| ( 18,  7) |      5.608850 || (222,  6) |      5.068370 || ( 56,  5) |  5.440, 5.768 |
| ( 19,  5) |      3.435741 || (223,  5) |      3.979851 || ( 57,  4) |  4.537, 4.693 |
| ( 19,  6) |      4.477525 || (223,  6) |      5.007591 || ( 57,  5) |  5.528, 5.680 |
| ( 19,  7) |      5.518217 || (224,  5) |      3.925128 || ( 58,  4) |  4.626, 4.659 |
| ( 20,  5) |      3.372984 || (224,  6) |      4.954208 || ( 58,  5) |  5.615, 5.648 |
| ( 20,  6) |      4.416224 || (224,  7) |      5.982542 || ( 59,  4) |  4.659, 4.659 |
| ( 20,  7) |      5.458330 || (225,  5) |      3.878236 || ( 59,  5) |  5.648, 5.648 |
| ( 21,  5) |      3.341241 || (225,  6) |      4.908473 || ( 60,  4) |  4.659, 4.659 |
| ( 21,  6) |      4.385187 || (225,  7) |      5.937932 || ( 60,  5) |  5.648, 5.648 |
| ( 21,  7) |      5.427979 || (226,  5) |      3.839457 || ( 61,  4) |  4.659, 4.659 |
| ( 22,  5) |      3.339160 || (226,  6) |      4.870660 || ( 61,  5) |  5.648, 5.648 |
| ( 22,  6) |      4.383095 || (226,  7) |      5.901059 || ( 62,  4) |  4.659, 4.659 |
| ( 22,  7) |      5.425875 || (227,  5) |      3.809099 || ( 62,  5) |  5.648, 5.648 |
| ( 23,  5) |      3.365356 || (227,  6) |      4.841068 || ( 63,  4) |  4.659, 4.659 |
| ( 23,  6) |      4.408595 || (227,  7) |      5.872212 || ( 63,  5) |  5.648, 5.648 |
| ( 23,  7) |      5.450698 || (228,  5) |      3.787260 || ( 64,  4) |  4.659, 4.659 |
| ( 24,  5) |      3.416804 || (228,  6) |      4.819793 || ( 64,  5) |  5.648, 5.648 |
| ( 24,  6) |      4.458739 || (228,  7) |      5.851486 || ( 65,  4) |  4.659, 4.659 |
| ( 24,  7) |      5.499574 || (229,  5) |      3.768343 || ( 65,  5) |  5.648, 5.648 |
| ( 25,  5) |      3.474404 || (229,  6) |      4.801371 || ( 66,  4) |  4.659, 4.659 |
| ( 25,  6) |      4.514890 || (229,  7) |      5.833546 || ( 66,  5) |  5.648, 5.648 |
| ( 25,  7) |      5.554317 || (230,  5) |      3.746083 || ( 67,  4) |  4.659, 4.659 |
| ( 26,  5) |      3.526971 || (230,  6) |      4.779688 || ( 67,  5) |  5.648, 5.648 |
| ( 26,  6) |      4.566134 || (230,  7) |      5.812423 || ( 68,  4) |  4.659, 4.659 |
| ( 26,  7) |      5.604274 || (231,  5) |      3.720031 || ( 68,  5) |  5.648, 5.648 |
| ( 27,  5) |      3.574592 || (231,  6) |      4.754306 || ( 69,  4) |  4.659, 4.659 |
| ( 27,  6) |      4.612555 || (231,  7) |      5.787692 || ( 69,  5) |  5.648, 5.648 |
| ( 27,  7) |      5.649528 || (232,  5) |      3.690033 || ( 70,  4) |  4.659, 4.659 |
| ( 28,  5) |      3.617503 || (232,  6) |      4.725073 || ( 70,  5) |  5.648, 5.648 |
| ( 28,  6) |      4.654382 || (232,  7) |      5.759204 || ( 71,  4) |  4.659, 4.659 |
| ( 28,  7) |      5.690302 || (233,  5) |      3.655917 || ( 71,  5) |  5.648, 5.648 |
| ( 29,  5) |      3.655917 || (233,  6) |      4.691824 || ( 72,  4) |  4.659, 4.659 |
| ( 29,  6) |      4.691824 || (233,  7) |      5.726798 || ( 72,  5) |  5.648, 5.648 |
| ( 29,  7) |      5.726798 || (234,  5) |      3.617503 || ( 73,  4) |  4.659, 4.659 |
| ( 30,  5) |      3.690033 || (234,  6) |      4.654382 || ( 73,  5) |  5.648, 5.648 |
| ( 30,  6) |      4.725073 || (234,  7) |      5.690302 || ( 74,  4) |  4.659, 4.659 |
| ( 30,  7) |      5.759204 || (235,  5) |      3.574592 || ( 74,  5) |  5.648, 5.648 |
| ( 31,  5) |      3.720031 || (235,  6) |      4.612555 || ( 75,  4) |  4.659, 4.659 |
| ( 31,  6) |      4.754306 || (235,  7) |      5.649528 || ( 75,  5) |  5.648, 5.648 |
| ( 31,  7) |      5.787692 || (236,  5) |      3.526971 || ( 76,  4) |  4.659, 4.659 |
| ( 32,  5) |      3.746083 || (236,  6) |      4.566134 || ( 76,  5) |  5.648, 5.648 |
| ( 32,  6) |      4.779688 || (236,  7) |      5.604274 || ( 77,  4) |  4.659, 4.659 |
| ( 32,  7) |      5.812423 || (237,  5) |      3.474404 || ( 77,  5) |  5.648, 5.648 |
| ( 33,  5) |      3.768343 || (237,  6) |      4.514890 || ( 78,  4) |  4.659, 4.659 |
| ( 33,  6) |      4.801371 || (237,  7) |      5.554317 || ( 78,  5) |  5.648, 5.648 |
| ( 33,  7) |      5.833546 || (238,  5) |      3.416804 || ( 79,  4) |  4.659, 4.659 |
| ( 34,  5) |      3.787260 || (238,  6) |      4.458739 || ( 79,  5) |  5.648, 5.648 |
| ( 34,  6) |      4.819793 || (238,  7) |      5.499574 || ( 80,  4) |  4.659, 4.659 |
| ( 34,  7) |      5.851486 || (239,  5) |      3.365356 || ( 80,  5) |  5.648, 5.648 |
| ( 35,  5) |      3.809099 || (239,  6) |      4.408595 || ( 81,  4) |  4.659, 4.659 |
| ( 35,  6) |      4.841068 || (239,  7) |      5.450698 || ( 81,  5) |  5.648, 5.648 |
| ( 35,  7) |      5.872212 || (240,  5) |      3.339160 || ( 82,  4) |  4.659, 4.659 |
| ( 36,  5) |      3.839457 || (240,  6) |      4.383095 || ( 82,  5) |  5.648, 5.648 |
| ( 36,  6) |      4.870660 || (240,  7) |      5.425875 || ( 83,  4) |  4.659, 4.659 |
| ( 36,  7) |      5.901059 || (241,  5) |      3.341241 || ( 83,  5) |  5.648, 5.648 |
| ( 37,  5) |      3.878236 || (241,  6) |      4.385187 || ( 84,  4) |  4.659, 4.659 |
| ( 37,  6) |      4.908473 || (241,  7) |      5.427979 || ( 84,  5) |  5.648, 5.648 |
| ( 37,  7) |      5.937932 || (242,  5) |      3.372984 || ( 85,  4) |  4.659, 4.659 |
| ( 38,  5) |      3.925128 || (242,  6) |      4.416224 || ( 85,  5) |  5.648, 5.648 |
| ( 38,  6) |      4.954208 || (242,  7) |      5.458330 || ( 86,  4) |  4.659, 4.659 |
| ( 38,  7) |      5.982542 || (243,  5) |      3.435741 || ( 86,  5) |  5.648, 5.648 |
| ( 39,  5) |      3.979851 || (243,  6) |      4.477525 || ( 87,  4) |  4.659, 4.659 |
| ( 39,  6) |      5.007591 || (243,  7) |      5.518217 || ( 87,  5) |  5.648, 5.648 |
| ( 40,  4) |      3.015236 || (244,  5) |      3.530778 || ( 88,  4) |  4.659, 4.659 |
| ( 40,  5) |      4.042148 || (244,  6) |      4.570329 || ( 88,  5) |  5.648, 5.648 |
| ( 40,  6) |      5.068370 || (244,  7) |      5.608850 || ( 89,  4) |  4.659, 4.659 |
| ( 41,  4) |      3.086611 || (245,  5) |      3.660649 || ( 89,  5) |  5.648, 5.648 |
| ( 41,  5) |      4.111788 || (245,  6) |      4.697131 || ( 90,  4) |  4.659, 4.659 |
| ( 41,  6) |      5.136323 || (245,  7) |      5.732671 || ( 90,  5) |  5.648, 5.648 |
| ( 42,  4) |      3.165298 || (246,  5) |      3.829335 || ( 91,  4) |  4.659, 4.659 |
| ( 42,  5) |      4.188571 || (246,  6) |      4.861827 || ( 91,  5) |  5.648, 5.648 |
| ( 42,  6) |      5.211255 || (246,  7) |      5.893488 || ( 92,  4) |  4.659, 4.659 |
| ( 43,  5) |      4.272328 || (247,  4) |      3.009585 || ( 92,  5) |  5.648, 5.648 |
| ( 43,  6) |      5.293000 || (247,  5) |      4.037867 || ( 93,  4) |  4.659, 4.659 |
| ( 44,  5) |      4.362853 || (247,  6) |      5.065433 || ( 93,  5) |  5.648, 5.648 |
| ( 44,  6) |      5.381361 || (248,  4) |      3.264164 || ( 94,  4) |  4.659, 4.659 |
| ( 45,  5) |      4.456875 || (248,  5) |      4.286427 || ( 94,  5) |  5.648, 5.648 |
| ( 45,  6) |      5.473143 || (248,  6) |      5.308140 || ( 95,  4) |  4.659, 4.659 |
| ( 46,  5) |      4.549930 || (249,  4) |      3.559270 || ( 95,  5) |  5.648, 5.648 |
| ( 46,  6) |      5.563989 || (249,  5) |      4.574592 || ( 96,  4) |  4.659, 4.659 |
| ( 47,  5) |      4.641826 || (249,  6) |      5.589552 || ( 96,  5) |  5.648, 5.648 |
| ( 47,  6) |      5.653710 || (250,  4) |      3.874666 || ( 97,  4) |  4.659, 4.659 |
| ( 48,  5) |      4.732716 || (250,  5) |      4.882618 || ( 97,  5) |  5.648, 5.648 |
| ( 48,  6) |      5.742455 || (250,  6) |      5.890404 || ( 98,  4) |  4.659, 4.659 |
| ( 49,  5) |      4.822742 || (251,  4) |      4.158693 || ( 98,  5) |  5.648, 5.648 |
| ( 49,  6) |      5.830364 || (251,  5) |      5.160055 || ( 99,  4) |  4.659, 4.659 |
| ( 50,  5) |      4.912045 || (252,  5) |      5.397920 || ( 99,  5) |  5.648, 5.648 |
| ( 50,  6) |      5.917574 || (253,  5) |      5.595601 || (100,  4) |  4.659, 4.659 |
| ( 51,  5) |      5.000761 || (254,  5) |      5.752830 || (100,  5) |  5.648, 5.648 |
| ( 52,  5) |      5.089019 || (255,  5) |      5.883846 || (101,  4) |  4.659, 4.659 |
| ( 53,  5) |      5.176950 || (256,  5) |      5.964499 || (101,  5) |  5.648, 5.648 |
|           |               ||           |               || (102,  4) |  4.659, 4.659 |
|           |               ||           |               || (102,  5) |  5.648, 5.648 |
|           |               ||           |               || (103,  4) |  4.659, 4.659 |
|           |               ||           |               || (103,  5) |  5.648, 5.648 |
|           |               ||           |               || (104,  4) |  4.659, 4.659 |
|           |               ||           |               || (104,  5) |  5.648, 5.648 |
|           |               ||           |               || (105,  4) |  4.659, 4.659 |
|           |               ||           |               || (105,  5) |  5.648, 5.648 |
|           |               ||           |               || (106,  4) |  4.659, 4.659 |
|           |               ||           |               || (106,  5) |  5.648, 5.648 |
|           |               ||           |               || (107,  4) |  4.659, 4.659 |
|           |               ||           |               || (107,  5) |  5.648, 5.648 |
|           |               ||           |               || (108,  4) |  4.659, 4.659 |
|           |               ||           |               || (108,  5) |  5.648, 5.648 |
|           |               ||           |               || (109,  4) |  4.659, 4.659 |
|           |               ||           |               || (109,  5) |  5.648, 5.648 |
|           |               ||           |               || (110,  4) |  4.659, 4.659 |
|           |               ||           |               || (110,  5) |  5.648, 5.648 |
|           |               ||           |               || (111,  4) |  4.659, 4.659 |
|           |               ||           |               || (111,  5) |  5.648, 5.648 |
|           |               ||           |               || (112,  4) |  4.659, 4.659 |
|           |               ||           |               || (112,  5) |  5.648, 5.648 |
|           |               ||           |               || (113,  4) |  4.659, 4.659 |
|           |               ||           |               || (113,  5) |  5.648, 5.648 |
|           |               ||           |               || (114,  4) |  4.659, 4.659 |
|           |               ||           |               || (114,  5) |  5.648, 5.648 |
|           |               ||           |               || (115,  4) |  4.659, 4.659 |
|           |               ||           |               || (115,  5) |  5.648, 5.648 |
|           |               ||           |               || (116,  4) |  4.659, 4.659 |
|           |               ||           |               || (116,  5) |  5.648, 5.648 |
|           |               ||           |               || (117,  4) |  4.659, 4.659 |
|           |               ||           |               || (117,  5) |  5.648, 5.648 |
|           |               ||           |               || (118,  4) |  4.659, 4.659 |
|           |               ||           |               || (118,  5) |  5.648, 5.648 |
|           |               ||           |               || (119,  4) |  4.659, 4.659 |
|           |               ||           |               || (119,  5) |  5.648, 5.648 |
|           |               ||           |               || (120,  4) |  4.659, 4.659 |
|           |               ||           |               || (120,  5) |  5.648, 5.648 |
|           |               ||           |               || (121,  4) |  4.659, 4.659 |
|           |               ||           |               || (121,  5) |  5.648, 5.648 |
|           |               ||           |               || (122,  4) |  4.659, 4.659 |
|           |               ||           |               || (122,  5) |  5.648, 5.648 |
|           |               ||           |               || (123,  4) |  4.659, 4.659 |
|           |               ||           |               || (123,  5) |  5.648, 5.648 |
|           |               ||           |               || (124,  4) |  4.659, 4.659 |
|           |               ||           |               || (124,  5) |  5.648, 5.648 |
|           |               ||           |               || (125,  4) |  4.659, 4.659 |
|           |               ||           |               || (125,  5) |  5.648, 5.648 |
|           |               ||           |               || (126,  4) |  4.659, 4.659 |
|           |               ||           |               || (126,  5) |  5.648, 5.648 |
|           |               ||           |               || (127,  4) |  4.659, 4.659 |
|           |               ||           |               || (127,  5) |  5.648, 5.648 |
|           |               ||           |               || (128,  4) |  4.659, 4.659 |
|           |               ||           |               || (128,  5) |  5.648, 5.648 |
|           |               ||           |               || (129,  4) |  4.659, 4.659 |
|           |               ||           |               || (129,  5) |  5.648, 5.648 |
|           |               ||           |               || (130,  4) |  4.659, 4.659 |
|           |               ||           |               || (130,  5) |  5.648, 5.648 |
|           |               ||           |               || (131,  4) |  4.659, 4.659 |
|           |               ||           |               || (131,  5) |  5.648, 5.648 |
|           |               ||           |               || (132,  4) |  4.659, 4.659 |
|           |               ||           |               || (132,  5) |  5.648, 5.648 |
|           |               ||           |               || (133,  4) |  4.659, 4.659 |
|           |               ||           |               || (133,  5) |  5.648, 5.648 |
|           |               ||           |               || (134,  4) |  4.659, 4.659 |
|           |               ||           |               || (134,  5) |  5.648, 5.648 |
|           |               ||           |               || (135,  4) |  4.659, 4.659 |
|           |               ||           |               || (135,  5) |  5.648, 5.648 |
|           |               ||           |               || (136,  4) |  4.659, 4.659 |
|           |               ||           |               || (136,  5) |  5.648, 5.648 |
|           |               ||           |               || (137,  4) |  4.659, 4.659 |
|           |               ||           |               || (137,  5) |  5.648, 5.648 |
|           |               ||           |               || (138,  4) |  4.659, 4.659 |
|           |               ||           |               || (138,  5) |  5.648, 5.648 |
|           |               ||           |               || (139,  4) |  4.659, 4.659 |
|           |               ||           |               || (139,  5) |  5.648, 5.648 |
|           |               ||           |               || (140,  4) |  4.659, 4.659 |
|           |               ||           |               || (140,  5) |  5.648, 5.648 |
|           |               ||           |               || (141,  4) |  4.659, 4.659 |
|           |               ||           |               || (141,  5) |  5.648, 5.648 |
|           |               ||           |               || (142,  4) |  4.659, 4.659 |
|           |               ||           |               || (142,  5) |  5.648, 5.648 |
|           |               ||           |               || (143,  4) |  4.659, 4.659 |
|           |               ||           |               || (143,  5) |  5.648, 5.648 |
|           |               ||           |               || (144,  4) |  4.659, 4.659 |
|           |               ||           |               || (144,  5) |  5.648, 5.648 |
|           |               ||           |               || (145,  4) |  4.659, 4.659 |
|           |               ||           |               || (145,  5) |  5.648, 5.648 |
|           |               ||           |               || (146,  4) |  4.659, 4.659 |
|           |               ||           |               || (146,  5) |  5.648, 5.648 |
|           |               ||           |               || (147,  4) |  4.659, 4.659 |
|           |               ||           |               || (147,  5) |  5.648, 5.648 |
|           |               ||           |               || (148,  4) |  4.659, 4.659 |
|           |               ||           |               || (148,  5) |  5.648, 5.648 |
|           |               ||           |               || (149,  4) |  4.659, 4.659 |
|           |               ||           |               || (149,  5) |  5.648, 5.648 |
|           |               ||           |               || (150,  4) |  4.659, 4.659 |
|           |               ||           |               || (150,  5) |  5.648, 5.648 |
|           |               ||           |               || (151,  4) |  4.659, 4.659 |
|           |               ||           |               || (151,  5) |  5.648, 5.648 |
|           |               ||           |               || (152,  4) |  4.659, 4.659 |
|           |               ||           |               || (152,  5) |  5.648, 5.648 |
|           |               ||           |               || (153,  4) |  4.659, 4.659 |
|           |               ||           |               || (153,  5) |  5.648, 5.648 |
|           |               ||           |               || (154,  4) |  4.659, 4.659 |
|           |               ||           |               || (154,  5) |  5.648, 5.648 |
|           |               ||           |               || (155,  4) |  4.659, 4.659 |
|           |               ||           |               || (155,  5) |  5.648, 5.648 |
|           |               ||           |               || (156,  4) |  4.659, 4.659 |
|           |               ||           |               || (156,  5) |  5.648, 5.648 |
|           |               ||           |               || (157,  4) |  4.659, 4.659 |
|           |               ||           |               || (157,  5) |  5.648, 5.648 |
|           |               ||           |               || (158,  4) |  4.659, 4.659 |
|           |               ||           |               || (158,  5) |  5.648, 5.648 |
|           |               ||           |               || (159,  4) |  4.659, 4.659 |
|           |               ||           |               || (159,  5) |  5.648, 5.648 |
|           |               ||           |               || (160,  4) |  4.659, 4.659 |
|           |               ||           |               || (160,  5) |  5.648, 5.648 |
|           |               ||           |               || (161,  4) |  4.659, 4.659 |
|           |               ||           |               || (161,  5) |  5.648, 5.648 |
|           |               ||           |               || (162,  4) |  4.659, 4.659 |
|           |               ||           |               || (162,  5) |  5.648, 5.648 |
|           |               ||           |               || (163,  4) |  4.659, 4.659 |
|           |               ||           |               || (163,  5) |  5.648, 5.648 |
|           |               ||           |               || (164,  4) |  4.659, 4.659 |
|           |               ||           |               || (164,  5) |  5.648, 5.648 |
|           |               ||           |               || (165,  4) |  4.659, 4.659 |
|           |               ||           |               || (165,  5) |  5.648, 5.648 |
|           |               ||           |               || (166,  4) |  4.659, 4.659 |
|           |               ||           |               || (166,  5) |  5.648, 5.648 |
|           |               ||           |               || (167,  4) |  4.659, 4.659 |
|           |               ||           |               || (167,  5) |  5.648, 5.648 |
|           |               ||           |               || (168,  4) |  4.659, 4.659 |
|           |               ||           |               || (168,  5) |  5.648, 5.648 |
|           |               ||           |               || (169,  4) |  4.659, 4.659 |
|           |               ||           |               || (169,  5) |  5.648, 5.648 |
|           |               ||           |               || (170,  4) |  4.659, 4.659 |
|           |               ||           |               || (170,  5) |  5.648, 5.648 |
|           |               ||           |               || (171,  4) |  4.659, 4.659 |
|           |               ||           |               || (171,  5) |  5.648, 5.648 |
|           |               ||           |               || (172,  4) |  4.659, 4.659 |
|           |               ||           |               || (172,  5) |  5.648, 5.648 |
|           |               ||           |               || (173,  4) |  4.659, 4.659 |
|           |               ||           |               || (173,  5) |  5.648, 5.648 |
|           |               ||           |               || (174,  4) |  4.659, 4.659 |
|           |               ||           |               || (174,  5) |  5.648, 5.648 |
|           |               ||           |               || (175,  4) |  4.659, 4.659 |
|           |               ||           |               || (175,  5) |  5.648, 5.648 |
|           |               ||           |               || (176,  4) |  4.659, 4.659 |
|           |               ||           |               || (176,  5) |  5.648, 5.648 |
|           |               ||           |               || (177,  4) |  4.659, 4.659 |
|           |               ||           |               || (177,  5) |  5.648, 5.648 |
|           |               ||           |               || (178,  4) |  4.659, 4.659 |
|           |               ||           |               || (178,  5) |  5.648, 5.648 |
|           |               ||           |               || (179,  4) |  4.659, 4.659 |
|           |               ||           |               || (179,  5) |  5.648, 5.648 |
|           |               ||           |               || (180,  4) |  4.659, 4.659 |
|           |               ||           |               || (180,  5) |  5.648, 5.648 |
|           |               ||           |               || (181,  4) |  4.659, 4.659 |
|           |               ||           |               || (181,  5) |  5.648, 5.648 |
|           |               ||           |               || (182,  4) |  4.659, 4.659 |
|           |               ||           |               || (182,  5) |  5.648, 5.648 |
|           |               ||           |               || (183,  4) |  4.659, 4.659 |
|           |               ||           |               || (183,  5) |  5.648, 5.648 |
|           |               ||           |               || (184,  4) |  4.659, 4.659 |
|           |               ||           |               || (184,  5) |  5.648, 5.648 |
|           |               ||           |               || (185,  4) |  4.659, 4.659 |
|           |               ||           |               || (185,  5) |  5.648, 5.648 |
|           |               ||           |               || (186,  4) |  4.659, 4.659 |
|           |               ||           |               || (186,  5) |  5.648, 5.648 |
|           |               ||           |               || (187,  4) |  4.659, 4.659 |
|           |               ||           |               || (187,  5) |  5.648, 5.648 |
|           |               ||           |               || (188,  4) |  4.659, 4.659 |
|           |               ||           |               || (188,  5) |  5.648, 5.648 |
|           |               ||           |               || (189,  4) |  4.659, 4.659 |
|           |               ||           |               || (189,  5) |  5.648, 5.648 |
|           |               ||           |               || (190,  4) |  4.659, 4.659 |
|           |               ||           |               || (190,  5) |  5.648, 5.648 |
|           |               ||           |               || (191,  4) |  4.659, 4.659 |
|           |               ||           |               || (191,  5) |  5.648, 5.648 |
|           |               ||           |               || (192,  4) |  4.659, 4.659 |
|           |               ||           |               || (192,  5) |  5.648, 5.648 |
|           |               ||           |               || (193,  4) |  4.659, 4.659 |
|           |               ||           |               || (193,  5) |  5.648, 5.648 |
|           |               ||           |               || (194,  4) |  4.659, 4.659 |
|           |               ||           |               || (194,  5) |  5.648, 5.648 |
|           |               ||           |               || (195,  4) |  4.659, 4.659 |
|           |               ||           |               || (195,  5) |  5.648, 5.648 |
|           |               ||           |               || (196,  4) |  4.659, 4.659 |
|           |               ||           |               || (196,  5) |  5.648, 5.648 |
|           |               ||           |               || (197,  4) |  4.659, 4.659 |
|           |               ||           |               || (197,  5) |  5.648, 5.648 |
|           |               ||           |               || (198,  4) |  4.659, 4.659 |
|           |               ||           |               || (198,  5) |  5.648, 5.648 |
|           |               ||           |               || (199,  4) |  4.659, 4.659 |
|           |               ||           |               || (199,  5) |  5.648, 5.648 |
|           |               ||           |               || (200,  4) |  4.659, 4.659 |
|           |               ||           |               || (200,  5) |  5.648, 5.648 |
|           |               ||           |               || (201,  4) |  4.659, 4.659 |
|           |               ||           |               || (201,  5) |  5.648, 5.648 |
|           |               ||           |               || (202,  4) |  4.659, 4.659 |
|           |               ||           |               || (202,  5) |  5.648, 5.648 |
|           |               ||           |               || (203,  4) |  4.659, 4.659 |
|           |               ||           |               || (203,  5) |  5.648, 5.648 |
|           |               ||           |               || (204,  4) |  4.659, 4.626 |
|           |               ||           |               || (204,  5) |  5.648, 5.615 |
|           |               ||           |               || (205,  4) |  4.693, 4.537 |
|           |               ||           |               || (205,  5) |  5.680, 5.528 |
|           |               ||           |               || (206,  4) |  4.782, 4.447 |
|           |               ||           |               || (206,  5) |  5.768, 5.440 |
|           |               ||           |               || (207,  4) |  4.873, 4.357 |
|           |               ||           |               || (207,  5) |  5.856, 5.352 |
|           |               ||           |               || (208,  4) |  4.963, 4.267 |
|           |               ||           |               || (208,  5) |  5.944, 5.265 |
|           |               ||           |               || (209,  4) |  5.054, 4.178 |
|           |               ||           |               || (210,  4) |  5.145, 4.088 |
|           |               ||           |               || (211,  4) |  5.236, 3.997 |
|           |               ||           |               || (212,  4) |  5.328, 3.906 |
|           |               ||           |               || (213,  4) |  5.421, 3.815 |
|           |               ||           |               || (214,  4) |  5.514, 3.723 |
|           |               ||           |               || (215,  4) |  5.609, 3.630 |
|           |               ||           |               || (216,  4) |  5.705, 3.536 |
|           |               ||           |               || (217,  4) |  5.802, 3.440 |
|           |               ||           |               || (218,  4) |  5.900, 3.344 |
|           |               ||           |               || (219,  4) |  6.000, 3.251 |
|           |               ||           |               || (252,  4) |  5.773, 4.402 |
|           |               ||           |               || (253,  4) |  5.544, 4.604 |
|           |               ||           |               || (254,  4) |  5.351, 4.765 |
|           |               ||           |               || (255,  4) |  5.196, 4.899 |
|           |               ||           |               || (256,  4) |  5.064, 4.982 |
|           |               ||           |               || (257,  4) |  4.982, 4.982 |
|           |               ||           |               || (257,  5) |  5.964, 5.964 |
|           |               ||           |               || (258,  4) |  4.982, 4.982 |
|           |               ||           |               || (258,  5) |  5.964, 5.964 |
|           |               ||           |               || (259,  4) |  4.982, 4.982 |
|           |               ||           |               || (259,  5) |  5.964, 5.964 |

============================================================
z_global (F1, F3)
============================================================
| Point(j,k) | index_z0(j-1) || Point(j,k) | index_z2(j+1) || Point(j,k) | index_z0 && z2  |
---------------------------------------------------------------------------------------------
| (  7,  6) |      5.919830 || ( 12,  4) |      5.385633 || (  3,  4) |  4.000, 4.000 |
| (  8,  6) |      5.790015 || ( 13,  4) |      5.658297 || (  3,  5) |  5.000, 5.000 |
| (  9,  6) |      5.634818 || ( 14,  4) |      5.888399 || (  4,  4) |  4.000, 4.000 |
| ( 10,  6) |      5.440226 || ( 31,  4) |      5.997252 || (  4,  5) |  5.000, 5.000 |
| ( 11,  5) |      4.187724 || ( 32,  4) |      5.968384 || (  5,  4) |  4.000, 4.000 |
| ( 11,  6) |      5.206712 || ( 33,  4) |      5.942846 || (  5,  5) |  5.000, 5.000 |
| ( 12,  5) |      3.909510 || ( 34,  4) |      5.914692 || (  6,  4) |  4.000, 4.084 |
| ( 12,  6) |      4.935093 || ( 35,  4) |      5.878605 || (  6,  5) |  5.000, 5.082 |
| ( 12,  7) |      5.959992 || ( 36,  4) |      5.834665 || (  7,  4) |  3.916, 4.219 |
| ( 13,  5) |      3.601558 || ( 37,  4) |      5.783144 || (  7,  5) |  4.918, 5.214 |
| ( 13,  6) |      4.634497 || ( 38,  4) |      5.724280 || (  8,  4) |  3.780, 4.379 |
| ( 13,  7) |      5.666549 || ( 39,  4) |      5.658282 || (  8,  5) |  4.785, 5.371 |
| ( 14,  5) |      3.315361 || ( 40,  4) |      5.585326 || (  9,  4) |  3.617, 4.579 |
| ( 14,  6) |      4.355189 || ( 41,  4) |      5.505552 || (  9,  5) |  4.626, 5.566 |
| ( 14,  7) |      5.393938 || ( 42,  4) |      5.419068 || ( 10,  4) |  3.413, 4.816 |
| ( 15,  5) |      3.070892 || ( 43,  4) |      5.326006 || ( 10,  5) |  4.427, 5.797 |
| ( 15,  6) |      4.116644 || ( 44,  4) |      5.229501 || ( 11,  4) |  3.168, 5.088 |
| ( 15,  7) |      5.161151 || ( 45,  4) |      5.133898 || ( 47,  5) |  3.960, 5.924 |
| ( 16,  6) |      3.919034 || ( 46,  4) |      5.039388 || ( 48,  4) |  3.033, 4.853 |
| ( 16,  7) |      4.968336 || ( 47,  4) |      4.945825 || ( 48,  5) |  4.055, 5.833 |
| ( 17,  6) |      3.761926 || (204,  6) |      5.967834 || ( 49,  4) |  3.129, 4.761 |
| ( 17,  7) |      4.815059 || (205,  6) |      5.881187 || ( 49,  5) |  4.150, 5.744 |
| ( 17,  8) |      5.866736 || (206,  6) |      5.793632 || ( 50,  4) |  3.225, 4.669 |
| ( 18,  6) |      3.644051 || (207,  6) |      5.705939 || ( 50,  5) |  4.243, 5.654 |
| ( 18,  7) |      4.700069 || (208,  6) |      5.617983 || ( 51,  4) |  3.320, 4.578 |
| ( 18,  8) |      5.754547 || (209,  6) |      5.529639 || ( 51,  5) |  4.336, 5.565 |
| ( 19,  6) |      3.561224 || (210,  6) |      5.440779 || ( 52,  4) |  3.414, 4.487 |
| ( 19,  7) |      4.619274 || (211,  6) |      5.351272 || ( 52,  5) |  4.427, 5.476 |
| ( 19,  8) |      5.675725 || (212,  6) |      5.260984 || ( 53,  4) |  3.507, 4.397 |
| ( 20,  6) |      3.510705 || (213,  6) |      5.169777 || ( 53,  5) |  4.518, 5.388 |
| ( 20,  7) |      4.569996 || (214,  6) |      5.077509 || ( 54,  4) |  3.600, 4.306 |
| ( 20,  8) |      5.627653 || (215,  6) |      4.984030 || ( 54,  5) |  4.609, 5.299 |
| ( 21,  6) |      3.491056 || (216,  5) |      3.862485 || ( 55,  4) |  3.692, 4.215 |
| ( 21,  7) |      4.550830 || (216,  6) |      4.889187 || ( 55,  5) |  4.699, 5.210 |
| ( 21,  8) |      5.608956 || (216,  7) |      5.915175 || ( 56,  4) |  3.784, 4.124 |
| ( 22,  6) |      3.500769 || (217,  5) |      3.763760 || ( 56,  5) |  4.789, 5.121 |
| ( 22,  7) |      4.560305 || (217,  6) |      4.792817 || ( 57,  4) |  3.875, 4.034 |
| ( 22,  8) |      5.618199 || (217,  7) |      5.821095 || ( 57,  5) |  4.878, 5.033 |
| ( 23,  6) |      3.538317 || (218,  5) |      3.663646 || ( 58,  4) |  3.966, 4.000 |
| ( 23,  7) |      4.596930 || (218,  6) |      4.695098 || ( 58,  5) |  4.967, 5.000 |
| ( 23,  8) |      5.653928 || (218,  7) |      5.725703 || ( 59,  4) |  4.000, 4.000 |
| ( 24,  6) |      3.600568 || (219,  5) |      3.566666 || ( 59,  5) |  5.000, 5.000 |
| ( 24,  7) |      4.657653 || (219,  6) |      4.600442 || ( 60,  4) |  4.000, 4.000 |
| ( 24,  8) |      5.713166 || (219,  7) |      5.633308 || ( 60,  5) |  5.000, 5.000 |
| ( 25,  6) |      3.668478 || (220,  5) |      3.476149 || ( 61,  4) |  4.000, 4.000 |
| ( 25,  7) |      4.723898 || (220,  6) |      4.512101 || ( 61,  5) |  5.000, 5.000 |
| ( 25,  8) |      5.777795 || (220,  7) |      5.547082 || ( 62,  4) |  4.000, 4.000 |
| ( 26,  6) |      3.730948 || (221,  5) |      3.392323 || ( 62,  5) |  5.000, 5.000 |
| ( 26,  7) |      4.784839 || (221,  6) |      4.430293 || ( 63,  4) |  4.000, 4.000 |
| ( 26,  8) |      5.837251 || (221,  7) |      5.467237 || ( 63,  5) |  5.000, 5.000 |
| ( 27,  6) |      3.788105 || (222,  5) |      3.315377 || ( 64,  4) |  4.000, 4.000 |
| ( 27,  7) |      4.840599 || (222,  6) |      4.355204 || ( 64,  5) |  5.000, 5.000 |
| ( 27,  8) |      5.891655 || (222,  7) |      5.393953 || ( 65,  4) |  4.000, 4.000 |
| ( 28,  6) |      3.840219 || (223,  5) |      3.245537 || ( 65,  5) |  5.000, 5.000 |
| ( 28,  7) |      4.891441 || (223,  6) |      4.287053 || ( 66,  4) |  4.000, 4.000 |
| ( 28,  8) |      5.941262 || (223,  7) |      5.327443 || ( 66,  5) |  5.000, 5.000 |
| ( 29,  6) |      3.887535 || (224,  5) |      3.183058 || ( 67,  4) |  4.000, 4.000 |
| ( 29,  7) |      4.937604 || (224,  6) |      4.226087 || ( 67,  5) |  5.000, 5.000 |
| ( 29,  8) |      5.986305 || (224,  7) |      5.267948 || ( 68,  4) |  4.000, 4.000 |
| ( 30,  6) |      3.930280 || (225,  5) |      3.128225 || ( 68,  5) |  5.000, 5.000 |
| ( 30,  7) |      4.979309 || (225,  6) |      4.172585 || ( 69,  4) |  4.000, 4.000 |
| ( 31,  6) |      3.968664 || (225,  7) |      5.215738 || ( 69,  5) |  5.000, 5.000 |
| ( 31,  7) |      5.016760 || (226,  5) |      3.081354 || ( 70,  4) |  4.000, 4.000 |
| ( 32,  6) |      4.002880 || (226,  6) |      4.126852 || ( 70,  5) |  5.000, 5.000 |
| ( 32,  7) |      5.050145 || (226,  7) |      5.171111 || ( 71,  4) |  4.000, 4.000 |
| ( 33,  6) |      4.033108 || (227,  5) |      3.042783 || ( 71,  5) |  5.000, 5.000 |
| ( 33,  7) |      5.079639 || (227,  6) |      4.089219 || ( 72,  4) |  4.000, 4.000 |
| ( 34,  5) |      3.012645 || (227,  7) |      5.134390 || ( 72,  5) |  5.000, 5.000 |
| ( 34,  6) |      4.059815 || (228,  5) |      3.012645 || ( 73,  4) |  4.000, 4.000 |
| ( 34,  7) |      5.105698 || (228,  6) |      4.059815 || ( 73,  5) |  5.000, 5.000 |
| ( 35,  5) |      3.042783 || (228,  7) |      5.105698 || ( 74,  4) |  4.000, 4.000 |
| ( 35,  6) |      4.089219 || (229,  6) |      4.033108 || ( 74,  5) |  5.000, 5.000 |
| ( 35,  7) |      5.134390 || (229,  7) |      5.079639 || ( 75,  4) |  4.000, 4.000 |
| ( 36,  5) |      3.081354 || (230,  6) |      4.002880 || ( 75,  5) |  5.000, 5.000 |
| ( 36,  6) |      4.126852 || (230,  7) |      5.050145 || ( 76,  4) |  4.000, 4.000 |
| ( 36,  7) |      5.171111 || (231,  6) |      3.968664 || ( 76,  5) |  5.000, 5.000 |
| ( 37,  5) |      3.128225 || (231,  7) |      5.016760 || ( 77,  4) |  4.000, 4.000 |
| ( 37,  6) |      4.172585 || (232,  6) |      3.930280 || ( 77,  5) |  5.000, 5.000 |
| ( 37,  7) |      5.215738 || (232,  7) |      4.979309 || ( 78,  4) |  4.000, 4.000 |
| ( 38,  5) |      3.183058 || (233,  6) |      3.887535 || ( 78,  5) |  5.000, 5.000 |
| ( 38,  6) |      4.226087 || (233,  7) |      4.937604 || ( 79,  4) |  4.000, 4.000 |
| ( 38,  7) |      5.267948 || (233,  8) |      5.986305 || ( 79,  5) |  5.000, 5.000 |
| ( 39,  5) |      3.245537 || (234,  6) |      3.840219 || ( 80,  4) |  4.000, 4.000 |
| ( 39,  6) |      4.287053 || (234,  7) |      4.891441 || ( 80,  5) |  5.000, 5.000 |
| ( 39,  7) |      5.327443 || (234,  8) |      5.941262 || ( 81,  4) |  4.000, 4.000 |
| ( 40,  5) |      3.315377 || (235,  6) |      3.788105 || ( 81,  5) |  5.000, 5.000 |
| ( 40,  6) |      4.355204 || (235,  7) |      4.840599 || ( 82,  4) |  4.000, 4.000 |
| ( 40,  7) |      5.393953 || (235,  8) |      5.891655 || ( 82,  5) |  5.000, 5.000 |
| ( 41,  5) |      3.392323 || (236,  6) |      3.730948 || ( 83,  4) |  4.000, 4.000 |
| ( 41,  6) |      4.430293 || (236,  7) |      4.784839 || ( 83,  5) |  5.000, 5.000 |
| ( 41,  7) |      5.467237 || (236,  8) |      5.837251 || ( 84,  4) |  4.000, 4.000 |
| ( 42,  5) |      3.476149 || (237,  6) |      3.668478 || ( 84,  5) |  5.000, 5.000 |
| ( 42,  6) |      4.512101 || (237,  7) |      4.723898 || ( 85,  4) |  4.000, 4.000 |
| ( 42,  7) |      5.547082 || (237,  8) |      5.777795 || ( 85,  5) |  5.000, 5.000 |
| ( 43,  5) |      3.566666 || (238,  6) |      3.600568 || ( 86,  4) |  4.000, 4.000 |
| ( 43,  6) |      4.600442 || (238,  7) |      4.657653 || ( 86,  5) |  5.000, 5.000 |
| ( 43,  7) |      5.633308 || (238,  8) |      5.713166 || ( 87,  4) |  4.000, 4.000 |
| ( 44,  5) |      3.663646 || (239,  6) |      3.538317 || ( 87,  5) |  5.000, 5.000 |
| ( 44,  6) |      4.695098 || (239,  7) |      4.596930 || ( 88,  4) |  4.000, 4.000 |
| ( 44,  7) |      5.725703 || (239,  8) |      5.653928 || ( 88,  5) |  5.000, 5.000 |
| ( 45,  5) |      3.763760 || (240,  6) |      3.500769 || ( 89,  4) |  4.000, 4.000 |
| ( 45,  6) |      4.792817 || (240,  7) |      4.560305 || ( 89,  5) |  5.000, 5.000 |
| ( 45,  7) |      5.821095 || (240,  8) |      5.618199 || ( 90,  4) |  4.000, 4.000 |
| ( 46,  5) |      3.862485 || (241,  6) |      3.491056 || ( 90,  5) |  5.000, 5.000 |
| ( 46,  6) |      4.889187 || (241,  7) |      4.550830 || ( 91,  4) |  4.000, 4.000 |
| ( 46,  7) |      5.915175 || (241,  8) |      5.608956 || ( 91,  5) |  5.000, 5.000 |
| ( 47,  6) |      4.984030 || (242,  6) |      3.510705 || ( 92,  4) |  4.000, 4.000 |
| ( 48,  6) |      5.077509 || (242,  7) |      4.569996 || ( 92,  5) |  5.000, 5.000 |
| ( 49,  6) |      5.169777 || (242,  8) |      5.627653 || ( 93,  4) |  4.000, 4.000 |
| ( 50,  6) |      5.260984 || (243,  6) |      3.561224 || ( 93,  5) |  5.000, 5.000 |
| ( 51,  6) |      5.351272 || (243,  7) |      4.619274 || ( 94,  4) |  4.000, 4.000 |
| ( 52,  6) |      5.440779 || (243,  8) |      5.675725 || ( 94,  5) |  5.000, 5.000 |
| ( 53,  6) |      5.529639 || (244,  6) |      3.644051 || ( 95,  4) |  4.000, 4.000 |
| ( 54,  6) |      5.617983 || (244,  7) |      4.700069 || ( 95,  5) |  5.000, 5.000 |
| ( 55,  6) |      5.705939 || (244,  8) |      5.754547 || ( 96,  4) |  4.000, 4.000 |
| ( 56,  6) |      5.793632 || (245,  6) |      3.761926 || ( 96,  5) |  5.000, 5.000 |
| ( 57,  6) |      5.881187 || (245,  7) |      4.815059 || ( 97,  4) |  4.000, 4.000 |
| ( 58,  6) |      5.967834 || (245,  8) |      5.866736 || ( 97,  5) |  5.000, 5.000 |
| (215,  4) |      4.945825 || (246,  6) |      3.919034 || ( 98,  4) |  4.000, 4.000 |
| (216,  4) |      5.039388 || (246,  7) |      4.968336 || ( 98,  5) |  5.000, 5.000 |
| (217,  4) |      5.133898 || (247,  5) |      3.070892 || ( 99,  4) |  4.000, 4.000 |
| (218,  4) |      5.229501 || (247,  6) |      4.116644 || ( 99,  5) |  5.000, 5.000 |
| (219,  4) |      5.326006 || (247,  7) |      5.161151 || (100,  4) |  4.000, 4.000 |
| (220,  4) |      5.419068 || (248,  5) |      3.315361 || (100,  5) |  5.000, 5.000 |
| (221,  4) |      5.505552 || (248,  6) |      4.355189 || (101,  4) |  4.000, 4.000 |
| (222,  4) |      5.585326 || (248,  7) |      5.393938 || (101,  5) |  5.000, 5.000 |
| (223,  4) |      5.658282 || (249,  5) |      3.601558 || (102,  4) |  4.000, 4.000 |
| (224,  4) |      5.724280 || (249,  6) |      4.634497 || (102,  5) |  5.000, 5.000 |
| (225,  4) |      5.783144 || (249,  7) |      5.666549 || (103,  4) |  4.000, 4.000 |
| (226,  4) |      5.834665 || (250,  5) |      3.909510 || (103,  5) |  5.000, 5.000 |
| (227,  4) |      5.878605 || (250,  6) |      4.935093 || (104,  4) |  4.000, 4.000 |
| (228,  4) |      5.914692 || (250,  7) |      5.959992 || (104,  5) |  5.000, 5.000 |
| (229,  4) |      5.942846 || (251,  5) |      4.187724 || (105,  4) |  4.000, 4.000 |
| (230,  4) |      5.968384 || (251,  6) |      5.206712 || (105,  5) |  5.000, 5.000 |
| (231,  4) |      5.997252 || (252,  6) |      5.440226 || (106,  4) |  4.000, 4.000 |
| (248,  4) |      5.888399 || (253,  6) |      5.634818 || (106,  5) |  5.000, 5.000 |
| (249,  4) |      5.658297 || (254,  6) |      5.790015 || (107,  4) |  4.000, 4.000 |
| (250,  4) |      5.385633 || (255,  6) |      5.919830 || (107,  5) |  5.000, 5.000 |
|            |               ||            |               || (108,  4) |  4.000, 4.000 |
|            |               ||            |               || (108,  5) |  5.000, 5.000 |
|            |               ||            |               || (109,  4) |  4.000, 4.000 |
|            |               ||            |               || (109,  5) |  5.000, 5.000 |
|            |               ||            |               || (110,  4) |  4.000, 4.000 |
|            |               ||            |               || (110,  5) |  5.000, 5.000 |
|            |               ||            |               || (111,  4) |  4.000, 4.000 |
|            |               ||            |               || (111,  5) |  5.000, 5.000 |
|            |               ||            |               || (112,  4) |  4.000, 4.000 |
|            |               ||            |               || (112,  5) |  5.000, 5.000 |
|            |               ||            |               || (113,  4) |  4.000, 4.000 |
|            |               ||            |               || (113,  5) |  5.000, 5.000 |
|            |               ||            |               || (114,  4) |  4.000, 4.000 |
|            |               ||            |               || (114,  5) |  5.000, 5.000 |
|            |               ||            |               || (115,  4) |  4.000, 4.000 |
|            |               ||            |               || (115,  5) |  5.000, 5.000 |
|            |               ||            |               || (116,  4) |  4.000, 4.000 |
|            |               ||            |               || (116,  5) |  5.000, 5.000 |
|            |               ||            |               || (117,  4) |  4.000, 4.000 |
|            |               ||            |               || (117,  5) |  5.000, 5.000 |
|            |               ||            |               || (118,  4) |  4.000, 4.000 |
|            |               ||            |               || (118,  5) |  5.000, 5.000 |
|            |               ||            |               || (119,  4) |  4.000, 4.000 |
|            |               ||            |               || (119,  5) |  5.000, 5.000 |
|            |               ||            |               || (120,  4) |  4.000, 4.000 |
|            |               ||            |               || (120,  5) |  5.000, 5.000 |
|            |               ||            |               || (121,  4) |  4.000, 4.000 |
|            |               ||            |               || (121,  5) |  5.000, 5.000 |
|            |               ||            |               || (122,  4) |  4.000, 4.000 |
|            |               ||            |               || (122,  5) |  5.000, 5.000 |
|            |               ||            |               || (123,  4) |  4.000, 4.000 |
|            |               ||            |               || (123,  5) |  5.000, 5.000 |
|            |               ||            |               || (124,  4) |  4.000, 4.000 |
|            |               ||            |               || (124,  5) |  5.000, 5.000 |
|            |               ||            |               || (125,  4) |  4.000, 4.000 |
|            |               ||            |               || (125,  5) |  5.000, 5.000 |
|            |               ||            |               || (126,  4) |  4.000, 4.000 |
|            |               ||            |               || (126,  5) |  5.000, 5.000 |
|            |               ||            |               || (127,  4) |  4.000, 4.000 |
|            |               ||            |               || (127,  5) |  5.000, 5.000 |
|            |               ||            |               || (128,  4) |  4.000, 4.000 |
|            |               ||            |               || (128,  5) |  5.000, 5.000 |
|            |               ||            |               || (129,  4) |  4.000, 4.000 |
|            |               ||            |               || (129,  5) |  5.000, 5.000 |
|            |               ||            |               || (130,  4) |  4.000, 4.000 |
|            |               ||            |               || (130,  5) |  5.000, 5.000 |
|            |               ||            |               || (131,  4) |  4.000, 4.000 |
|            |               ||            |               || (131,  5) |  5.000, 5.000 |
|            |               ||            |               || (132,  4) |  4.000, 4.000 |
|            |               ||            |               || (132,  5) |  5.000, 5.000 |
|            |               ||            |               || (133,  4) |  4.000, 4.000 |
|            |               ||            |               || (133,  5) |  5.000, 5.000 |
|            |               ||            |               || (134,  4) |  4.000, 4.000 |
|            |               ||            |               || (134,  5) |  5.000, 5.000 |
|            |               ||            |               || (135,  4) |  4.000, 4.000 |
|            |               ||            |               || (135,  5) |  5.000, 5.000 |
|            |               ||            |               || (136,  4) |  4.000, 4.000 |
|            |               ||            |               || (136,  5) |  5.000, 5.000 |
|            |               ||            |               || (137,  4) |  4.000, 4.000 |
|            |               ||            |               || (137,  5) |  5.000, 5.000 |
|            |               ||            |               || (138,  4) |  4.000, 4.000 |
|            |               ||            |               || (138,  5) |  5.000, 5.000 |
|            |               ||            |               || (139,  4) |  4.000, 4.000 |
|            |               ||            |               || (139,  5) |  5.000, 5.000 |
|            |               ||            |               || (140,  4) |  4.000, 4.000 |
|            |               ||            |               || (140,  5) |  5.000, 5.000 |
|            |               ||            |               || (141,  4) |  4.000, 4.000 |
|            |               ||            |               || (141,  5) |  5.000, 5.000 |
|            |               ||            |               || (142,  4) |  4.000, 4.000 |
|            |               ||            |               || (142,  5) |  5.000, 5.000 |
|            |               ||            |               || (143,  4) |  4.000, 4.000 |
|            |               ||            |               || (143,  5) |  5.000, 5.000 |
|            |               ||            |               || (144,  4) |  4.000, 4.000 |
|            |               ||            |               || (144,  5) |  5.000, 5.000 |
|            |               ||            |               || (145,  4) |  4.000, 4.000 |
|            |               ||            |               || (145,  5) |  5.000, 5.000 |
|            |               ||            |               || (146,  4) |  4.000, 4.000 |
|            |               ||            |               || (146,  5) |  5.000, 5.000 |
|            |               ||            |               || (147,  4) |  4.000, 4.000 |
|            |               ||            |               || (147,  5) |  5.000, 5.000 |
|            |               ||            |               || (148,  4) |  4.000, 4.000 |
|            |               ||            |               || (148,  5) |  5.000, 5.000 |
|            |               ||            |               || (149,  4) |  4.000, 4.000 |
|            |               ||            |               || (149,  5) |  5.000, 5.000 |
|            |               ||            |               || (150,  4) |  4.000, 4.000 |
|            |               ||            |               || (150,  5) |  5.000, 5.000 |
|            |               ||            |               || (151,  4) |  4.000, 4.000 |
|            |               ||            |               || (151,  5) |  5.000, 5.000 |
|            |               ||            |               || (152,  4) |  4.000, 4.000 |
|            |               ||            |               || (152,  5) |  5.000, 5.000 |
|            |               ||            |               || (153,  4) |  4.000, 4.000 |
|            |               ||            |               || (153,  5) |  5.000, 5.000 |
|            |               ||            |               || (154,  4) |  4.000, 4.000 |
|            |               ||            |               || (154,  5) |  5.000, 5.000 |
|            |               ||            |               || (155,  4) |  4.000, 4.000 |
|            |               ||            |               || (155,  5) |  5.000, 5.000 |
|            |               ||            |               || (156,  4) |  4.000, 4.000 |
|            |               ||            |               || (156,  5) |  5.000, 5.000 |
|            |               ||            |               || (157,  4) |  4.000, 4.000 |
|            |               ||            |               || (157,  5) |  5.000, 5.000 |
|            |               ||            |               || (158,  4) |  4.000, 4.000 |
|            |               ||            |               || (158,  5) |  5.000, 5.000 |
|            |               ||            |               || (159,  4) |  4.000, 4.000 |
|            |               ||            |               || (159,  5) |  5.000, 5.000 |
|            |               ||            |               || (160,  4) |  4.000, 4.000 |
|            |               ||            |               || (160,  5) |  5.000, 5.000 |
|            |               ||            |               || (161,  4) |  4.000, 4.000 |
|            |               ||            |               || (161,  5) |  5.000, 5.000 |
|            |               ||            |               || (162,  4) |  4.000, 4.000 |
|            |               ||            |               || (162,  5) |  5.000, 5.000 |
|            |               ||            |               || (163,  4) |  4.000, 4.000 |
|            |               ||            |               || (163,  5) |  5.000, 5.000 |
|            |               ||            |               || (164,  4) |  4.000, 4.000 |
|            |               ||            |               || (164,  5) |  5.000, 5.000 |
|            |               ||            |               || (165,  4) |  4.000, 4.000 |
|            |               ||            |               || (165,  5) |  5.000, 5.000 |
|            |               ||            |               || (166,  4) |  4.000, 4.000 |
|            |               ||            |               || (166,  5) |  5.000, 5.000 |
|            |               ||            |               || (167,  4) |  4.000, 4.000 |
|            |               ||            |               || (167,  5) |  5.000, 5.000 |
|            |               ||            |               || (168,  4) |  4.000, 4.000 |
|            |               ||            |               || (168,  5) |  5.000, 5.000 |
|            |               ||            |               || (169,  4) |  4.000, 4.000 |
|            |               ||            |               || (169,  5) |  5.000, 5.000 |
|            |               ||            |               || (170,  4) |  4.000, 4.000 |
|            |               ||            |               || (170,  5) |  5.000, 5.000 |
|            |               ||            |               || (171,  4) |  4.000, 4.000 |
|            |               ||            |               || (171,  5) |  5.000, 5.000 |
|            |               ||            |               || (172,  4) |  4.000, 4.000 |
|            |               ||            |               || (172,  5) |  5.000, 5.000 |
|            |               ||            |               || (173,  4) |  4.000, 4.000 |
|            |               ||            |               || (173,  5) |  5.000, 5.000 |
|            |               ||            |               || (174,  4) |  4.000, 4.000 |
|            |               ||            |               || (174,  5) |  5.000, 5.000 |
|            |               ||            |               || (175,  4) |  4.000, 4.000 |
|            |               ||            |               || (175,  5) |  5.000, 5.000 |
|            |               ||            |               || (176,  4) |  4.000, 4.000 |
|            |               ||            |               || (176,  5) |  5.000, 5.000 |
|            |               ||            |               || (177,  4) |  4.000, 4.000 |
|            |               ||            |               || (177,  5) |  5.000, 5.000 |
|            |               ||            |               || (178,  4) |  4.000, 4.000 |
|            |               ||            |               || (178,  5) |  5.000, 5.000 |
|            |               ||            |               || (179,  4) |  4.000, 4.000 |
|            |               ||            |               || (179,  5) |  5.000, 5.000 |
|            |               ||            |               || (180,  4) |  4.000, 4.000 |
|            |               ||            |               || (180,  5) |  5.000, 5.000 |
|            |               ||            |               || (181,  4) |  4.000, 4.000 |
|            |               ||            |               || (181,  5) |  5.000, 5.000 |
|            |               ||            |               || (182,  4) |  4.000, 4.000 |
|            |               ||            |               || (182,  5) |  5.000, 5.000 |
|            |               ||            |               || (183,  4) |  4.000, 4.000 |
|            |               ||            |               || (183,  5) |  5.000, 5.000 |
|            |               ||            |               || (184,  4) |  4.000, 4.000 |
|            |               ||            |               || (184,  5) |  5.000, 5.000 |
|            |               ||            |               || (185,  4) |  4.000, 4.000 |
|            |               ||            |               || (185,  5) |  5.000, 5.000 |
|            |               ||            |               || (186,  4) |  4.000, 4.000 |
|            |               ||            |               || (186,  5) |  5.000, 5.000 |
|            |               ||            |               || (187,  4) |  4.000, 4.000 |
|            |               ||            |               || (187,  5) |  5.000, 5.000 |
|            |               ||            |               || (188,  4) |  4.000, 4.000 |
|            |               ||            |               || (188,  5) |  5.000, 5.000 |
|            |               ||            |               || (189,  4) |  4.000, 4.000 |
|            |               ||            |               || (189,  5) |  5.000, 5.000 |
|            |               ||            |               || (190,  4) |  4.000, 4.000 |
|            |               ||            |               || (190,  5) |  5.000, 5.000 |
|            |               ||            |               || (191,  4) |  4.000, 4.000 |
|            |               ||            |               || (191,  5) |  5.000, 5.000 |
|            |               ||            |               || (192,  4) |  4.000, 4.000 |
|            |               ||            |               || (192,  5) |  5.000, 5.000 |
|            |               ||            |               || (193,  4) |  4.000, 4.000 |
|            |               ||            |               || (193,  5) |  5.000, 5.000 |
|            |               ||            |               || (194,  4) |  4.000, 4.000 |
|            |               ||            |               || (194,  5) |  5.000, 5.000 |
|            |               ||            |               || (195,  4) |  4.000, 4.000 |
|            |               ||            |               || (195,  5) |  5.000, 5.000 |
|            |               ||            |               || (196,  4) |  4.000, 4.000 |
|            |               ||            |               || (196,  5) |  5.000, 5.000 |
|            |               ||            |               || (197,  4) |  4.000, 4.000 |
|            |               ||            |               || (197,  5) |  5.000, 5.000 |
|            |               ||            |               || (198,  4) |  4.000, 4.000 |
|            |               ||            |               || (198,  5) |  5.000, 5.000 |
|            |               ||            |               || (199,  4) |  4.000, 4.000 |
|            |               ||            |               || (199,  5) |  5.000, 5.000 |
|            |               ||            |               || (200,  4) |  4.000, 4.000 |
|            |               ||            |               || (200,  5) |  5.000, 5.000 |
|            |               ||            |               || (201,  4) |  4.000, 4.000 |
|            |               ||            |               || (201,  5) |  5.000, 5.000 |
|            |               ||            |               || (202,  4) |  4.000, 4.000 |
|            |               ||            |               || (202,  5) |  5.000, 5.000 |
|            |               ||            |               || (203,  4) |  4.000, 4.000 |
|            |               ||            |               || (203,  5) |  5.000, 5.000 |
|            |               ||            |               || (204,  4) |  4.000, 3.966 |
|            |               ||            |               || (204,  5) |  5.000, 4.967 |
|            |               ||            |               || (205,  4) |  4.034, 3.875 |
|            |               ||            |               || (205,  5) |  5.033, 4.878 |
|            |               ||            |               || (206,  4) |  4.124, 3.784 |
|            |               ||            |               || (206,  5) |  5.121, 4.789 |
|            |               ||            |               || (207,  4) |  4.215, 3.692 |
|            |               ||            |               || (207,  5) |  5.210, 4.699 |
|            |               ||            |               || (208,  4) |  4.306, 3.600 |
|            |               ||            |               || (208,  5) |  5.299, 4.609 |
|            |               ||            |               || (209,  4) |  4.397, 3.507 |
|            |               ||            |               || (209,  5) |  5.388, 4.518 |
|            |               ||            |               || (210,  4) |  4.487, 3.414 |
|            |               ||            |               || (210,  5) |  5.476, 4.427 |
|            |               ||            |               || (211,  4) |  4.578, 3.320 |
|            |               ||            |               || (211,  5) |  5.565, 4.336 |
|            |               ||            |               || (212,  4) |  4.669, 3.225 |
|            |               ||            |               || (212,  5) |  5.654, 4.243 |
|            |               ||            |               || (213,  4) |  4.761, 3.129 |
|            |               ||            |               || (213,  5) |  5.744, 4.150 |
|            |               ||            |               || (214,  4) |  4.853, 3.033 |
|            |               ||            |               || (214,  5) |  5.833, 4.055 |
|            |               ||            |               || (215,  5) |  5.924, 3.960 |
|            |               ||            |               || (251,  4) |  5.088, 3.168 |
|            |               ||            |               || (252,  4) |  4.816, 3.413 |
|            |               ||            |               || (252,  5) |  5.797, 4.427 |
|            |               ||            |               || (253,  4) |  4.579, 3.617 |
|            |               ||            |               || (253,  5) |  5.566, 4.626 |
|            |               ||            |               || (254,  4) |  4.379, 3.780 |
|            |               ||            |               || (254,  5) |  5.371, 4.785 |
|            |               ||            |               || (255,  4) |  4.219, 3.916 |
|            |               ||            |               || (255,  5) |  5.214, 4.918 |
|            |               ||            |               || (256,  4) |  4.084, 4.000 |
|            |               ||            |               || (256,  5) |  5.082, 5.000 |
|            |               ||            |               || (257,  4) |  4.000, 4.000 |
|            |               ||            |               || (257,  5) |  5.000, 5.000 |
|            |               ||            |               || (258,  4) |  4.000, 4.000 |
|            |               ||            |               || (258,  5) |  5.000, 5.000 |
|            |               ||            |               || (259,  4) |  4.000, 4.000 |
|            |               ||            |               || (259,  5) |  5.000, 5.000 |

============================================================
z_global - minSize (F2, F5, F6)
============================================================
| Point(j,k) | index_z0(j-1) || Point(j,k) | index_z2(j+1) || Point(j,k) | index_z0 && z2  |
---------------------------------------------------------------------------------------------
| (  7,  7) |      5.973751 || (  7,  4) |      3.224596 || (  3,  4) |  3.000, 3.000 |
| (  8,  7) |      5.845189 || (  8,  4) |      3.389944 || (  3,  5) |  4.018, 4.018 |
| (  9,  7) |      5.692088 || (  9,  4) |      3.596066 || (  3,  6) |  5.036, 5.036 |
| ( 10,  7) |      5.500660 || ( 10,  4) |      3.841522 || (  4,  4) |  3.000, 3.000 |
| ( 11,  6) |      4.235214 || ( 11,  4) |      4.124336 || (  4,  5) |  4.018, 4.018 |
| ( 11,  7) |      5.271588 || ( 12,  4) |      4.434034 || (  4,  6) |  5.036, 5.036 |
| ( 12,  6) |      3.962924 || ( 12,  5) |      5.419095 || (  5,  4) |  3.000, 3.000 |
| ( 12,  7) |      5.005891 || ( 13,  4) |      4.719756 || (  5,  5) |  4.018, 4.018 |
| ( 13,  6) |      3.662538 || ( 13,  5) |      5.698353 || (  5,  6) |  5.036, 5.036 |
| ( 13,  7) |      4.712836 || ( 14,  4) |      4.963162 || (  6,  4) |  3.000, 3.086 |
| ( 13,  8) |      5.761714 || ( 14,  5) |      5.936302 || (  6,  5) |  4.018, 4.102 |
| ( 14,  6) |      3.385359 || ( 15,  4) |      5.165238 || (  6,  6) |  5.036, 5.118 |
| ( 14,  7) |      4.442484 || ( 16,  4) |      5.327305 || (  7,  5) |  3.935, 4.238 |
| ( 14,  8) |      5.497991 || ( 17,  4) |      5.451246 || (  7,  6) |  4.955, 5.250 |
| ( 15,  6) |      3.151082 || ( 18,  4) |      5.541496 || (  8,  5) |  3.800, 4.399 |
| ( 15,  7) |      4.214028 || ( 19,  4) |      5.600895 || (  8,  6) |  4.823, 5.408 |
| ( 15,  8) |      5.275188 || ( 20,  4) |      5.630897 || (  9,  5) |  3.639, 4.600 |
| ( 16,  7) |      4.027389 || ( 21,  4) |      5.632898 || (  9,  6) |  4.666, 5.605 |
| ( 16,  8) |      5.093205 || ( 22,  4) |      5.608209 || ( 10,  5) |  3.438, 4.840 |
| ( 17,  7) |      3.881884 || ( 23,  4) |      5.559592 || ( 10,  6) |  4.470, 5.839 |
| ( 17,  8) |      4.951363 || ( 24,  4) |      5.505015 || ( 11,  5) |  3.198, 5.116 |
| ( 18,  7) |      3.776006 || ( 25,  4) |      5.455078 || ( 45,  5) |  3.062, 5.444 |
| ( 18,  8) |      4.848178 || ( 26,  4) |      5.409732 || ( 46,  5) |  3.166, 5.354 |
| ( 18,  9) |      5.918292 || ( 27,  4) |      5.368783 || ( 47,  5) |  3.269, 5.265 |
| ( 19,  7) |      3.705367 || ( 28,  4) |      5.332055 || ( 48,  5) |  3.370, 5.176 |
| ( 19,  8) |      4.779363 || ( 29,  4) |      5.299380 || ( 49,  5) |  3.469, 5.087 |
| ( 19,  9) |      5.851246 || ( 30,  4) |      5.270605 || ( 50,  5) |  3.566, 4.999 |
| ( 20,  7) |      3.667046 || ( 31,  4) |      5.245583 || ( 50,  6) |  4.597, 5.996 |
| ( 20,  8) |      4.742062 || ( 32,  4) |      5.224177 || ( 51,  5) |  3.663, 4.911 |
| ( 20,  9) |      5.814937 || ( 33,  4) |      5.205969 || ( 51,  6) |  4.691, 5.910 |
| ( 21,  7) |      3.659431 || ( 34,  4) |      5.184925 || ( 52,  5) |  3.758, 4.823 |
| ( 21,  8) |      4.734703 || ( 35,  4) |      5.155633 || ( 52,  6) |  4.783, 5.824 |
| ( 21,  9) |      5.807826 || ( 36,  4) |      5.118151 || ( 53,  5) |  3.852, 4.735 |
| ( 22,  7) |      3.680862 || ( 37,  4) |      5.072732 || ( 53,  6) |  4.875, 5.737 |
| ( 22,  8) |      4.755663 || ( 38,  4) |      5.019599 || ( 54,  5) |  3.945, 4.646 |
| ( 22,  9) |      5.828331 || ( 38,  5) |      5.992612 || ( 54,  6) |  4.966, 5.651 |
| ( 23,  7) |      3.729673 || ( 39,  4) |      4.958944 || ( 55,  4) |  3.018, 3.550 |
| ( 23,  8) |      4.803321 || ( 39,  5) |      5.933356 || ( 55,  5) |  4.038, 4.557 |
| ( 23,  9) |      5.874870 || ( 40,  4) |      4.890927 || ( 55,  6) |  5.057, 5.564 |
| ( 24,  7) |      3.802626 || ( 40,  5) |      5.866906 || ( 56,  4) |  3.112, 3.458 |
| ( 24,  8) |      4.874518 || ( 41,  4) |      4.815674 || ( 56,  5) |  4.130, 4.467 |
| ( 24,  9) |      5.944365 || ( 41,  5) |      5.793384 || ( 56,  6) |  5.147, 5.476 |
| ( 25,  7) |      3.880741 || ( 42,  4) |      4.733276 || ( 57,  4) |  3.206, 3.367 |
| ( 25,  8) |      4.950751 || ( 42,  5) |      5.712881 || ( 57,  5) |  4.221, 4.378 |
| ( 26,  7) |      3.953011 || ( 43,  4) |      4.643852 || ( 57,  6) |  5.236, 5.389 |
| ( 26,  8) |      5.021285 || ( 43,  5) |      5.625515 || ( 58,  4) |  3.298, 3.333 |
| ( 27,  7) |      4.019604 || ( 44,  4) |      4.550570 || ( 58,  5) |  4.311, 4.345 |
| ( 27,  8) |      5.086283 || ( 44,  5) |      5.534381 || ( 58,  6) |  5.324, 5.357 |
| ( 28,  6) |      3.013700 || ( 45,  4) |      4.457839 || ( 59,  4) |  3.333, 3.333 |
| ( 28,  7) |      4.080821 || ( 46,  4) |      4.365860 || ( 59,  5) |  4.345, 4.345 |
| ( 28,  8) |      5.146040 || ( 47,  4) |      4.274496 || ( 59,  6) |  5.357, 5.357 |
| ( 29,  6) |      3.071196 || ( 48,  4) |      4.183611 || ( 60,  4) |  3.333, 3.333 |
| ( 29,  7) |      4.136942 || ( 49,  4) |      4.093071 || ( 60,  5) |  4.345, 4.345 |
| ( 29,  8) |      5.200826 || ( 50,  4) |      4.002747 || ( 60,  6) |  5.357, 5.357 |
| ( 30,  6) |      3.123728 || ( 51,  4) |      3.912510 || ( 61,  4) |  3.333, 3.333 |
| ( 30,  7) |      4.188221 || ( 52,  4) |      3.822231 || ( 61,  5) |  4.345, 4.345 |
| ( 30,  8) |      5.250890 || ( 53,  4) |      3.731782 || ( 61,  6) |  5.357, 5.357 |
| ( 31,  6) |      3.171539 || ( 54,  4) |      3.641034 || ( 62,  4) |  3.333, 3.333 |
| ( 31,  7) |      4.234896 || (208,  7) |      5.987038 || ( 62,  5) |  4.345, 4.345 |
| ( 31,  8) |      5.296463 || (209,  7) |      5.898122 || ( 62,  6) |  5.357, 5.357 |
| ( 32,  6) |      3.214851 || (210,  7) |      5.808380 || ( 63,  4) |  3.333, 3.333 |
| ( 32,  7) |      4.277184 || (211,  7) |      5.717676 || ( 63,  5) |  4.345, 4.345 |
| ( 32,  8) |      5.337757 || (212,  7) |      5.625872 || ( 63,  6) |  5.357, 5.357 |
| ( 33,  6) |      3.253875 || (213,  6) |      4.501194 || ( 64,  4) |  3.333, 3.333 |
| ( 33,  7) |      4.315289 || (213,  7) |      5.532822 || ( 64,  5) |  4.345, 4.345 |
| ( 33,  8) |      5.374971 || (214,  6) |      4.404452 || ( 64,  6) |  5.357, 5.357 |
| ( 34,  6) |      3.289106 || (214,  7) |      5.438377 || ( 65,  4) |  3.333, 3.333 |
| ( 34,  7) |      4.349695 || (215,  6) |      4.306114 || ( 65,  5) |  4.345, 4.345 |
| ( 34,  8) |      5.408575 || (215,  7) |      5.342380 || ( 65,  6) |  5.357, 5.357 |
| ( 35,  6) |      3.326873 || (216,  6) |      4.206014 || ( 66,  4) |  3.333, 3.333 |
| ( 35,  7) |      4.386574 || (216,  7) |      5.244666 || ( 66,  5) |  4.345, 4.345 |
| ( 35,  8) |      5.444592 || (217,  6) |      4.103972 || ( 66,  6) |  5.357, 5.357 |
| ( 36,  6) |      3.372775 || (217,  7) |      5.145062 || ( 67,  4) |  3.333, 3.333 |
| ( 36,  7) |      4.431388 || (218,  6) |      4.000155 || ( 67,  5) |  4.345, 4.345 |
| ( 36,  8) |      5.488350 || (218,  7) |      5.043729 || ( 67,  6) |  5.357, 5.357 |
| ( 37,  6) |      3.426653 || (219,  6) |      3.899034 || ( 68,  4) |  3.333, 3.333 |
| ( 37,  7) |      4.483980 || (219,  7) |      4.945032 || ( 68,  5) |  4.345, 4.345 |
| ( 37,  8) |      5.539696 || (219,  8) |      5.989745 || ( 68,  6) |  5.357, 5.357 |
| ( 38,  6) |      3.488140 || (220,  6) |      3.803919 || ( 69,  4) |  3.333, 3.333 |
| ( 38,  7) |      4.543997 || (220,  7) |      4.852199 || ( 69,  5) |  4.345, 4.345 |
| ( 38,  8) |      5.598284 || (220,  8) |      5.899128 || ( 69,  6) |  5.357, 5.357 |
| ( 39,  6) |      3.556900 || (221,  6) |      3.715047 || ( 70,  4) |  3.333, 3.333 |
| ( 39,  7) |      4.611109 || (221,  7) |      4.765460 || ( 70,  5) |  4.345, 4.345 |
| ( 39,  8) |      5.663796 || (221,  8) |      5.814462 || ( 70,  6) |  5.357, 5.357 |
| ( 40,  6) |      3.632627 || (222,  6) |      3.632627 || ( 71,  4) |  3.333, 3.333 |
| ( 40,  7) |      4.685019 || (222,  7) |      4.685019 || ( 71,  5) |  4.345, 4.345 |
| ( 40,  8) |      5.735942 || (222,  8) |      5.735942 || ( 71,  6) |  5.357, 5.357 |
| ( 41,  6) |      3.715047 || (223,  6) |      3.556900 || ( 72,  4) |  3.333, 3.333 |
| ( 41,  7) |      4.765460 || (223,  7) |      4.611109 || ( 72,  5) |  4.345, 4.345 |
| ( 41,  8) |      5.814462 || (223,  8) |      5.663796 || ( 72,  6) |  5.357, 5.357 |
| ( 42,  6) |      3.803919 || (224,  6) |      3.488140 || ( 73,  4) |  3.333, 3.333 |
| ( 42,  7) |      4.852199 || (224,  7) |      4.543997 || ( 73,  5) |  4.345, 4.345 |
| ( 42,  8) |      5.899128 || (224,  8) |      5.598284 || ( 73,  6) |  5.357, 5.357 |
| ( 43,  6) |      3.899034 || (225,  6) |      3.426653 || ( 74,  4) |  3.333, 3.333 |
| ( 43,  7) |      4.945032 || (225,  7) |      4.483980 || ( 74,  5) |  4.345, 4.345 |
| ( 43,  8) |      5.989745 || (225,  8) |      5.539696 || ( 74,  6) |  5.357, 5.357 |
| ( 44,  6) |      4.000155 || (226,  6) |      3.372775 || ( 75,  4) |  3.333, 3.333 |
| ( 44,  7) |      5.043729 || (226,  7) |      4.431388 || ( 75,  5) |  4.345, 4.345 |
| ( 45,  6) |      4.103972 || (226,  8) |      5.488350 || ( 75,  6) |  5.357, 5.357 |
| ( 45,  7) |      5.145062 || (227,  6) |      3.326873 || ( 76,  4) |  3.333, 3.333 |
| ( 46,  6) |      4.206014 || (227,  7) |      4.386574 || ( 76,  5) |  4.345, 4.345 |
| ( 46,  7) |      5.244666 || (227,  8) |      5.444592 || ( 76,  6) |  5.357, 5.357 |
| ( 47,  6) |      4.306114 || (228,  6) |      3.289106 || ( 77,  4) |  3.333, 3.333 |
| ( 47,  7) |      5.342380 || (228,  7) |      4.349695 || ( 77,  5) |  4.345, 4.345 |
| ( 48,  6) |      4.404452 || (228,  8) |      5.408575 || ( 77,  6) |  5.357, 5.357 |
| ( 48,  7) |      5.438377 || (229,  6) |      3.253875 || ( 78,  4) |  3.333, 3.333 |
| ( 49,  6) |      4.501194 || (229,  7) |      4.315289 || ( 78,  5) |  4.345, 4.345 |
| ( 49,  7) |      5.532822 || (229,  8) |      5.374971 || ( 78,  6) |  5.357, 5.357 |
| ( 50,  7) |      5.625872 || (230,  6) |      3.214851 || ( 79,  4) |  3.333, 3.333 |
| ( 51,  7) |      5.717676 || (230,  7) |      4.277184 || ( 79,  5) |  4.345, 4.345 |
| ( 52,  7) |      5.808380 || (230,  8) |      5.337757 || ( 79,  6) |  5.357, 5.357 |
| ( 53,  7) |      5.898122 || (231,  6) |      3.171539 || ( 80,  4) |  3.333, 3.333 |
| ( 54,  7) |      5.987038 || (231,  7) |      4.234896 || ( 80,  5) |  4.345, 4.345 |
| (208,  4) |      3.641034 || (231,  8) |      5.296463 || ( 80,  6) |  5.357, 5.357 |
| (209,  4) |      3.731782 || (232,  6) |      3.123728 || ( 81,  4) |  3.333, 3.333 |
| (210,  4) |      3.822231 || (232,  7) |      4.188221 || ( 81,  5) |  4.345, 4.345 |
| (211,  4) |      3.912510 || (232,  8) |      5.250890 || ( 81,  6) |  5.357, 5.357 |
| (212,  4) |      4.002747 || (233,  6) |      3.071196 || ( 82,  4) |  3.333, 3.333 |
| (213,  4) |      4.093071 || (233,  7) |      4.136942 || ( 82,  5) |  4.345, 4.345 |
| (214,  4) |      4.183611 || (233,  8) |      5.200826 || ( 82,  6) |  5.357, 5.357 |
| (215,  4) |      4.274496 || (234,  6) |      3.013700 || ( 83,  4) |  3.333, 3.333 |
| (216,  4) |      4.365860 || (234,  7) |      4.080821 || ( 83,  5) |  4.345, 4.345 |
| (217,  4) |      4.457839 || (234,  8) |      5.146040 || ( 83,  6) |  5.357, 5.357 |
| (218,  4) |      4.550570 || (235,  7) |      4.019604 || ( 84,  4) |  3.333, 3.333 |
| (218,  5) |      5.534381 || (235,  8) |      5.086283 || ( 84,  5) |  4.345, 4.345 |
| (219,  4) |      4.643852 || (236,  7) |      3.953011 || ( 84,  6) |  5.357, 5.357 |
| (219,  5) |      5.625515 || (236,  8) |      5.021285 || ( 85,  4) |  3.333, 3.333 |
| (220,  4) |      4.733276 || (237,  7) |      3.880741 || ( 85,  5) |  4.345, 4.345 |
| (220,  5) |      5.712881 || (237,  8) |      4.950751 || ( 85,  6) |  5.357, 5.357 |
| (221,  4) |      4.815674 || (238,  7) |      3.802626 || ( 86,  4) |  3.333, 3.333 |
| (221,  5) |      5.793384 || (238,  8) |      4.874518 || ( 86,  5) |  4.345, 4.345 |
| (222,  4) |      4.890927 || (238,  9) |      5.944365 || ( 86,  6) |  5.357, 5.357 |
| (222,  5) |      5.866906 || (239,  7) |      3.729673 || ( 87,  4) |  3.333, 3.333 |
| (223,  4) |      4.958944 || (239,  8) |      4.803321 || ( 87,  5) |  4.345, 4.345 |
| (223,  5) |      5.933356 || (239,  9) |      5.874870 || ( 87,  6) |  5.357, 5.357 |
| (224,  4) |      5.019599 || (240,  7) |      3.680862 || ( 88,  4) |  3.333, 3.333 |
| (224,  5) |      5.992612 || (240,  8) |      4.755663 || ( 88,  5) |  4.345, 4.345 |
| (225,  4) |      5.072732 || (240,  9) |      5.828331 || ( 88,  6) |  5.357, 5.357 |
| (226,  4) |      5.118151 || (241,  7) |      3.659431 || ( 89,  4) |  3.333, 3.333 |
| (227,  4) |      5.155633 || (241,  8) |      4.734703 || ( 89,  5) |  4.345, 4.345 |
| (228,  4) |      5.184925 || (241,  9) |      5.807826 || ( 89,  6) |  5.357, 5.357 |
| (229,  4) |      5.205969 || (242,  7) |      3.667046 || ( 90,  4) |  3.333, 3.333 |
| (230,  4) |      5.224177 || (242,  8) |      4.742062 || ( 90,  5) |  4.345, 4.345 |
| (231,  4) |      5.245583 || (242,  9) |      5.814937 || ( 90,  6) |  5.357, 5.357 |
| (232,  4) |      5.270605 || (243,  7) |      3.705367 || ( 91,  4) |  3.333, 3.333 |
| (233,  4) |      5.299380 || (243,  8) |      4.779363 || ( 91,  5) |  4.345, 4.345 |
| (234,  4) |      5.332055 || (243,  9) |      5.851246 || ( 91,  6) |  5.357, 5.357 |
| (235,  4) |      5.368783 || (244,  7) |      3.776006 || ( 92,  4) |  3.333, 3.333 |
| (236,  4) |      5.409732 || (244,  8) |      4.848178 || ( 92,  5) |  4.345, 4.345 |
| (237,  4) |      5.455078 || (244,  9) |      5.918292 || ( 92,  6) |  5.357, 5.357 |
| (238,  4) |      5.505015 || (245,  7) |      3.881884 || ( 93,  4) |  3.333, 3.333 |
| (239,  4) |      5.559592 || (245,  8) |      4.951363 || ( 93,  5) |  4.345, 4.345 |
| (240,  4) |      5.608209 || (246,  7) |      4.027389 || ( 93,  6) |  5.357, 5.357 |
| (241,  4) |      5.632898 || (246,  8) |      5.093205 || ( 94,  4) |  3.333, 3.333 |
| (242,  4) |      5.630897 || (247,  6) |      3.151082 || ( 94,  5) |  4.345, 4.345 |
| (243,  4) |      5.600895 || (247,  7) |      4.214028 || ( 94,  6) |  5.357, 5.357 |
| (244,  4) |      5.541496 || (247,  8) |      5.275188 || ( 95,  4) |  3.333, 3.333 |
| (245,  4) |      5.451246 || (248,  6) |      3.385359 || ( 95,  5) |  4.345, 4.345 |
| (246,  4) |      5.327305 || (248,  7) |      4.442484 || ( 95,  6) |  5.357, 5.357 |
| (247,  4) |      5.165238 || (248,  8) |      5.497991 || ( 96,  4) |  3.333, 3.333 |
| (248,  4) |      4.963162 || (249,  6) |      3.662538 || ( 96,  5) |  4.345, 4.345 |
| (248,  5) |      5.936302 || (249,  7) |      4.712836 || ( 96,  6) |  5.357, 5.357 |
| (249,  4) |      4.719756 || (249,  8) |      5.761714 || ( 97,  4) |  3.333, 3.333 |
| (249,  5) |      5.698353 || (250,  6) |      3.962924 || ( 97,  5) |  4.345, 4.345 |
| (250,  4) |      4.434034 || (250,  7) |      5.005891 || ( 97,  6) |  5.357, 5.357 |
| (250,  5) |      5.419095 || (251,  6) |      4.235214 || ( 98,  4) |  3.333, 3.333 |
| (251,  4) |      4.124336 || (251,  7) |      5.271588 || ( 98,  5) |  4.345, 4.345 |
| (252,  4) |      3.841522 || (252,  7) |      5.500660 || ( 98,  6) |  5.357, 5.357 |
| (253,  4) |      3.596066 || (253,  7) |      5.692088 || ( 99,  4) |  3.333, 3.333 |
| (254,  4) |      3.389944 || (254,  7) |      5.845189 || ( 99,  5) |  4.345, 4.345 |
| (255,  4) |      3.224596 || (255,  7) |      5.973751 || ( 99,  6) |  5.357, 5.357 |
|           |               ||           |               || (100,  4) |  3.333, 3.333 |
|           |               ||           |               || (100,  5) |  4.345, 4.345 |
|           |               ||           |               || (100,  6) |  5.357, 5.357 |
|           |               ||           |               || (101,  4) |  3.333, 3.333 |
|           |               ||           |               || (101,  5) |  4.345, 4.345 |
|           |               ||           |               || (101,  6) |  5.357, 5.357 |
|           |               ||           |               || (102,  4) |  3.333, 3.333 |
|           |               ||           |               || (102,  5) |  4.345, 4.345 |
|           |               ||           |               || (102,  6) |  5.357, 5.357 |
|           |               ||           |               || (103,  4) |  3.333, 3.333 |
|           |               ||           |               || (103,  5) |  4.345, 4.345 |
|           |               ||           |               || (103,  6) |  5.357, 5.357 |
|           |               ||           |               || (104,  4) |  3.333, 3.333 |
|           |               ||           |               || (104,  5) |  4.345, 4.345 |
|           |               ||           |               || (104,  6) |  5.357, 5.357 |
|           |               ||           |               || (105,  4) |  3.333, 3.333 |
|           |               ||           |               || (105,  5) |  4.345, 4.345 |
|           |               ||           |               || (105,  6) |  5.357, 5.357 |
|           |               ||           |               || (106,  4) |  3.333, 3.333 |
|           |               ||           |               || (106,  5) |  4.345, 4.345 |
|           |               ||           |               || (106,  6) |  5.357, 5.357 |
|           |               ||           |               || (107,  4) |  3.333, 3.333 |
|           |               ||           |               || (107,  5) |  4.345, 4.345 |
|           |               ||           |               || (107,  6) |  5.357, 5.357 |
|           |               ||           |               || (108,  4) |  3.333, 3.333 |
|           |               ||           |               || (108,  5) |  4.345, 4.345 |
|           |               ||           |               || (108,  6) |  5.357, 5.357 |
|           |               ||           |               || (109,  4) |  3.333, 3.333 |
|           |               ||           |               || (109,  5) |  4.345, 4.345 |
|           |               ||           |               || (109,  6) |  5.357, 5.357 |
|           |               ||           |               || (110,  4) |  3.333, 3.333 |
|           |               ||           |               || (110,  5) |  4.345, 4.345 |
|           |               ||           |               || (110,  6) |  5.357, 5.357 |
|           |               ||           |               || (111,  4) |  3.333, 3.333 |
|           |               ||           |               || (111,  5) |  4.345, 4.345 |
|           |               ||           |               || (111,  6) |  5.357, 5.357 |
|           |               ||           |               || (112,  4) |  3.333, 3.333 |
|           |               ||           |               || (112,  5) |  4.345, 4.345 |
|           |               ||           |               || (112,  6) |  5.357, 5.357 |
|           |               ||           |               || (113,  4) |  3.333, 3.333 |
|           |               ||           |               || (113,  5) |  4.345, 4.345 |
|           |               ||           |               || (113,  6) |  5.357, 5.357 |
|           |               ||           |               || (114,  4) |  3.333, 3.333 |
|           |               ||           |               || (114,  5) |  4.345, 4.345 |
|           |               ||           |               || (114,  6) |  5.357, 5.357 |
|           |               ||           |               || (115,  4) |  3.333, 3.333 |
|           |               ||           |               || (115,  5) |  4.345, 4.345 |
|           |               ||           |               || (115,  6) |  5.357, 5.357 |
|           |               ||           |               || (116,  4) |  3.333, 3.333 |
|           |               ||           |               || (116,  5) |  4.345, 4.345 |
|           |               ||           |               || (116,  6) |  5.357, 5.357 |
|           |               ||           |               || (117,  4) |  3.333, 3.333 |
|           |               ||           |               || (117,  5) |  4.345, 4.345 |
|           |               ||           |               || (117,  6) |  5.357, 5.357 |
|           |               ||           |               || (118,  4) |  3.333, 3.333 |
|           |               ||           |               || (118,  5) |  4.345, 4.345 |
|           |               ||           |               || (118,  6) |  5.357, 5.357 |
|           |               ||           |               || (119,  4) |  3.333, 3.333 |
|           |               ||           |               || (119,  5) |  4.345, 4.345 |
|           |               ||           |               || (119,  6) |  5.357, 5.357 |
|           |               ||           |               || (120,  4) |  3.333, 3.333 |
|           |               ||           |               || (120,  5) |  4.345, 4.345 |
|           |               ||           |               || (120,  6) |  5.357, 5.357 |
|           |               ||           |               || (121,  4) |  3.333, 3.333 |
|           |               ||           |               || (121,  5) |  4.345, 4.345 |
|           |               ||           |               || (121,  6) |  5.357, 5.357 |
|           |               ||           |               || (122,  4) |  3.333, 3.333 |
|           |               ||           |               || (122,  5) |  4.345, 4.345 |
|           |               ||           |               || (122,  6) |  5.357, 5.357 |
|           |               ||           |               || (123,  4) |  3.333, 3.333 |
|           |               ||           |               || (123,  5) |  4.345, 4.345 |
|           |               ||           |               || (123,  6) |  5.357, 5.357 |
|           |               ||           |               || (124,  4) |  3.333, 3.333 |
|           |               ||           |               || (124,  5) |  4.345, 4.345 |
|           |               ||           |               || (124,  6) |  5.357, 5.357 |
|           |               ||           |               || (125,  4) |  3.333, 3.333 |
|           |               ||           |               || (125,  5) |  4.345, 4.345 |
|           |               ||           |               || (125,  6) |  5.357, 5.357 |
|           |               ||           |               || (126,  4) |  3.333, 3.333 |
|           |               ||           |               || (126,  5) |  4.345, 4.345 |
|           |               ||           |               || (126,  6) |  5.357, 5.357 |
|           |               ||           |               || (127,  4) |  3.333, 3.333 |
|           |               ||           |               || (127,  5) |  4.345, 4.345 |
|           |               ||           |               || (127,  6) |  5.357, 5.357 |
|           |               ||           |               || (128,  4) |  3.333, 3.333 |
|           |               ||           |               || (128,  5) |  4.345, 4.345 |
|           |               ||           |               || (128,  6) |  5.357, 5.357 |
|           |               ||           |               || (129,  4) |  3.333, 3.333 |
|           |               ||           |               || (129,  5) |  4.345, 4.345 |
|           |               ||           |               || (129,  6) |  5.357, 5.357 |
|           |               ||           |               || (130,  4) |  3.333, 3.333 |
|           |               ||           |               || (130,  5) |  4.345, 4.345 |
|           |               ||           |               || (130,  6) |  5.357, 5.357 |
|           |               ||           |               || (131,  4) |  3.333, 3.333 |
|           |               ||           |               || (131,  5) |  4.345, 4.345 |
|           |               ||           |               || (131,  6) |  5.357, 5.357 |
|           |               ||           |               || (132,  4) |  3.333, 3.333 |
|           |               ||           |               || (132,  5) |  4.345, 4.345 |
|           |               ||           |               || (132,  6) |  5.357, 5.357 |
|           |               ||           |               || (133,  4) |  3.333, 3.333 |
|           |               ||           |               || (133,  5) |  4.345, 4.345 |
|           |               ||           |               || (133,  6) |  5.357, 5.357 |
|           |               ||           |               || (134,  4) |  3.333, 3.333 |
|           |               ||           |               || (134,  5) |  4.345, 4.345 |
|           |               ||           |               || (134,  6) |  5.357, 5.357 |
|           |               ||           |               || (135,  4) |  3.333, 3.333 |
|           |               ||           |               || (135,  5) |  4.345, 4.345 |
|           |               ||           |               || (135,  6) |  5.357, 5.357 |
|           |               ||           |               || (136,  4) |  3.333, 3.333 |
|           |               ||           |               || (136,  5) |  4.345, 4.345 |
|           |               ||           |               || (136,  6) |  5.357, 5.357 |
|           |               ||           |               || (137,  4) |  3.333, 3.333 |
|           |               ||           |               || (137,  5) |  4.345, 4.345 |
|           |               ||           |               || (137,  6) |  5.357, 5.357 |
|           |               ||           |               || (138,  4) |  3.333, 3.333 |
|           |               ||           |               || (138,  5) |  4.345, 4.345 |
|           |               ||           |               || (138,  6) |  5.357, 5.357 |
|           |               ||           |               || (139,  4) |  3.333, 3.333 |
|           |               ||           |               || (139,  5) |  4.345, 4.345 |
|           |               ||           |               || (139,  6) |  5.357, 5.357 |
|           |               ||           |               || (140,  4) |  3.333, 3.333 |
|           |               ||           |               || (140,  5) |  4.345, 4.345 |
|           |               ||           |               || (140,  6) |  5.357, 5.357 |
|           |               ||           |               || (141,  4) |  3.333, 3.333 |
|           |               ||           |               || (141,  5) |  4.345, 4.345 |
|           |               ||           |               || (141,  6) |  5.357, 5.357 |
|           |               ||           |               || (142,  4) |  3.333, 3.333 |
|           |               ||           |               || (142,  5) |  4.345, 4.345 |
|           |               ||           |               || (142,  6) |  5.357, 5.357 |
|           |               ||           |               || (143,  4) |  3.333, 3.333 |
|           |               ||           |               || (143,  5) |  4.345, 4.345 |
|           |               ||           |               || (143,  6) |  5.357, 5.357 |
|           |               ||           |               || (144,  4) |  3.333, 3.333 |
|           |               ||           |               || (144,  5) |  4.345, 4.345 |
|           |               ||           |               || (144,  6) |  5.357, 5.357 |
|           |               ||           |               || (145,  4) |  3.333, 3.333 |
|           |               ||           |               || (145,  5) |  4.345, 4.345 |
|           |               ||           |               || (145,  6) |  5.357, 5.357 |
|           |               ||           |               || (146,  4) |  3.333, 3.333 |
|           |               ||           |               || (146,  5) |  4.345, 4.345 |
|           |               ||           |               || (146,  6) |  5.357, 5.357 |
|           |               ||           |               || (147,  4) |  3.333, 3.333 |
|           |               ||           |               || (147,  5) |  4.345, 4.345 |
|           |               ||           |               || (147,  6) |  5.357, 5.357 |
|           |               ||           |               || (148,  4) |  3.333, 3.333 |
|           |               ||           |               || (148,  5) |  4.345, 4.345 |
|           |               ||           |               || (148,  6) |  5.357, 5.357 |
|           |               ||           |               || (149,  4) |  3.333, 3.333 |
|           |               ||           |               || (149,  5) |  4.345, 4.345 |
|           |               ||           |               || (149,  6) |  5.357, 5.357 |
|           |               ||           |               || (150,  4) |  3.333, 3.333 |
|           |               ||           |               || (150,  5) |  4.345, 4.345 |
|           |               ||           |               || (150,  6) |  5.357, 5.357 |
|           |               ||           |               || (151,  4) |  3.333, 3.333 |
|           |               ||           |               || (151,  5) |  4.345, 4.345 |
|           |               ||           |               || (151,  6) |  5.357, 5.357 |
|           |               ||           |               || (152,  4) |  3.333, 3.333 |
|           |               ||           |               || (152,  5) |  4.345, 4.345 |
|           |               ||           |               || (152,  6) |  5.357, 5.357 |
|           |               ||           |               || (153,  4) |  3.333, 3.333 |
|           |               ||           |               || (153,  5) |  4.345, 4.345 |
|           |               ||           |               || (153,  6) |  5.357, 5.357 |
|           |               ||           |               || (154,  4) |  3.333, 3.333 |
|           |               ||           |               || (154,  5) |  4.345, 4.345 |
|           |               ||           |               || (154,  6) |  5.357, 5.357 |
|           |               ||           |               || (155,  4) |  3.333, 3.333 |
|           |               ||           |               || (155,  5) |  4.345, 4.345 |
|           |               ||           |               || (155,  6) |  5.357, 5.357 |
|           |               ||           |               || (156,  4) |  3.333, 3.333 |
|           |               ||           |               || (156,  5) |  4.345, 4.345 |
|           |               ||           |               || (156,  6) |  5.357, 5.357 |
|           |               ||           |               || (157,  4) |  3.333, 3.333 |
|           |               ||           |               || (157,  5) |  4.345, 4.345 |
|           |               ||           |               || (157,  6) |  5.357, 5.357 |
|           |               ||           |               || (158,  4) |  3.333, 3.333 |
|           |               ||           |               || (158,  5) |  4.345, 4.345 |
|           |               ||           |               || (158,  6) |  5.357, 5.357 |
|           |               ||           |               || (159,  4) |  3.333, 3.333 |
|           |               ||           |               || (159,  5) |  4.345, 4.345 |
|           |               ||           |               || (159,  6) |  5.357, 5.357 |
|           |               ||           |               || (160,  4) |  3.333, 3.333 |
|           |               ||           |               || (160,  5) |  4.345, 4.345 |
|           |               ||           |               || (160,  6) |  5.357, 5.357 |
|           |               ||           |               || (161,  4) |  3.333, 3.333 |
|           |               ||           |               || (161,  5) |  4.345, 4.345 |
|           |               ||           |               || (161,  6) |  5.357, 5.357 |
|           |               ||           |               || (162,  4) |  3.333, 3.333 |
|           |               ||           |               || (162,  5) |  4.345, 4.345 |
|           |               ||           |               || (162,  6) |  5.357, 5.357 |
|           |               ||           |               || (163,  4) |  3.333, 3.333 |
|           |               ||           |               || (163,  5) |  4.345, 4.345 |
|           |               ||           |               || (163,  6) |  5.357, 5.357 |
|           |               ||           |               || (164,  4) |  3.333, 3.333 |
|           |               ||           |               || (164,  5) |  4.345, 4.345 |
|           |               ||           |               || (164,  6) |  5.357, 5.357 |
|           |               ||           |               || (165,  4) |  3.333, 3.333 |
|           |               ||           |               || (165,  5) |  4.345, 4.345 |
|           |               ||           |               || (165,  6) |  5.357, 5.357 |
|           |               ||           |               || (166,  4) |  3.333, 3.333 |
|           |               ||           |               || (166,  5) |  4.345, 4.345 |
|           |               ||           |               || (166,  6) |  5.357, 5.357 |
|           |               ||           |               || (167,  4) |  3.333, 3.333 |
|           |               ||           |               || (167,  5) |  4.345, 4.345 |
|           |               ||           |               || (167,  6) |  5.357, 5.357 |
|           |               ||           |               || (168,  4) |  3.333, 3.333 |
|           |               ||           |               || (168,  5) |  4.345, 4.345 |
|           |               ||           |               || (168,  6) |  5.357, 5.357 |
|           |               ||           |               || (169,  4) |  3.333, 3.333 |
|           |               ||           |               || (169,  5) |  4.345, 4.345 |
|           |               ||           |               || (169,  6) |  5.357, 5.357 |
|           |               ||           |               || (170,  4) |  3.333, 3.333 |
|           |               ||           |               || (170,  5) |  4.345, 4.345 |
|           |               ||           |               || (170,  6) |  5.357, 5.357 |
|           |               ||           |               || (171,  4) |  3.333, 3.333 |
|           |               ||           |               || (171,  5) |  4.345, 4.345 |
|           |               ||           |               || (171,  6) |  5.357, 5.357 |
|           |               ||           |               || (172,  4) |  3.333, 3.333 |
|           |               ||           |               || (172,  5) |  4.345, 4.345 |
|           |               ||           |               || (172,  6) |  5.357, 5.357 |
|           |               ||           |               || (173,  4) |  3.333, 3.333 |
|           |               ||           |               || (173,  5) |  4.345, 4.345 |
|           |               ||           |               || (173,  6) |  5.357, 5.357 |
|           |               ||           |               || (174,  4) |  3.333, 3.333 |
|           |               ||           |               || (174,  5) |  4.345, 4.345 |
|           |               ||           |               || (174,  6) |  5.357, 5.357 |
|           |               ||           |               || (175,  4) |  3.333, 3.333 |
|           |               ||           |               || (175,  5) |  4.345, 4.345 |
|           |               ||           |               || (175,  6) |  5.357, 5.357 |
|           |               ||           |               || (176,  4) |  3.333, 3.333 |
|           |               ||           |               || (176,  5) |  4.345, 4.345 |
|           |               ||           |               || (176,  6) |  5.357, 5.357 |
|           |               ||           |               || (177,  4) |  3.333, 3.333 |
|           |               ||           |               || (177,  5) |  4.345, 4.345 |
|           |               ||           |               || (177,  6) |  5.357, 5.357 |
|           |               ||           |               || (178,  4) |  3.333, 3.333 |
|           |               ||           |               || (178,  5) |  4.345, 4.345 |
|           |               ||           |               || (178,  6) |  5.357, 5.357 |
|           |               ||           |               || (179,  4) |  3.333, 3.333 |
|           |               ||           |               || (179,  5) |  4.345, 4.345 |
|           |               ||           |               || (179,  6) |  5.357, 5.357 |
|           |               ||           |               || (180,  4) |  3.333, 3.333 |
|           |               ||           |               || (180,  5) |  4.345, 4.345 |
|           |               ||           |               || (180,  6) |  5.357, 5.357 |
|           |               ||           |               || (181,  4) |  3.333, 3.333 |
|           |               ||           |               || (181,  5) |  4.345, 4.345 |
|           |               ||           |               || (181,  6) |  5.357, 5.357 |
|           |               ||           |               || (182,  4) |  3.333, 3.333 |
|           |               ||           |               || (182,  5) |  4.345, 4.345 |
|           |               ||           |               || (182,  6) |  5.357, 5.357 |
|           |               ||           |               || (183,  4) |  3.333, 3.333 |
|           |               ||           |               || (183,  5) |  4.345, 4.345 |
|           |               ||           |               || (183,  6) |  5.357, 5.357 |
|           |               ||           |               || (184,  4) |  3.333, 3.333 |
|           |               ||           |               || (184,  5) |  4.345, 4.345 |
|           |               ||           |               || (184,  6) |  5.357, 5.357 |
|           |               ||           |               || (185,  4) |  3.333, 3.333 |
|           |               ||           |               || (185,  5) |  4.345, 4.345 |
|           |               ||           |               || (185,  6) |  5.357, 5.357 |
|           |               ||           |               || (186,  4) |  3.333, 3.333 |
|           |               ||           |               || (186,  5) |  4.345, 4.345 |
|           |               ||           |               || (186,  6) |  5.357, 5.357 |
|           |               ||           |               || (187,  4) |  3.333, 3.333 |
|           |               ||           |               || (187,  5) |  4.345, 4.345 |
|           |               ||           |               || (187,  6) |  5.357, 5.357 |
|           |               ||           |               || (188,  4) |  3.333, 3.333 |
|           |               ||           |               || (188,  5) |  4.345, 4.345 |
|           |               ||           |               || (188,  6) |  5.357, 5.357 |
|           |               ||           |               || (189,  4) |  3.333, 3.333 |
|           |               ||           |               || (189,  5) |  4.345, 4.345 |
|           |               ||           |               || (189,  6) |  5.357, 5.357 |
|           |               ||           |               || (190,  4) |  3.333, 3.333 |
|           |               ||           |               || (190,  5) |  4.345, 4.345 |
|           |               ||           |               || (190,  6) |  5.357, 5.357 |
|           |               ||           |               || (191,  4) |  3.333, 3.333 |
|           |               ||           |               || (191,  5) |  4.345, 4.345 |
|           |               ||           |               || (191,  6) |  5.357, 5.357 |
|           |               ||           |               || (192,  4) |  3.333, 3.333 |
|           |               ||           |               || (192,  5) |  4.345, 4.345 |
|           |               ||           |               || (192,  6) |  5.357, 5.357 |
|           |               ||           |               || (193,  4) |  3.333, 3.333 |
|           |               ||           |               || (193,  5) |  4.345, 4.345 |
|           |               ||           |               || (193,  6) |  5.357, 5.357 |
|           |               ||           |               || (194,  4) |  3.333, 3.333 |
|           |               ||           |               || (194,  5) |  4.345, 4.345 |
|           |               ||           |               || (194,  6) |  5.357, 5.357 |
|           |               ||           |               || (195,  4) |  3.333, 3.333 |
|           |               ||           |               || (195,  5) |  4.345, 4.345 |
|           |               ||           |               || (195,  6) |  5.357, 5.357 |
|           |               ||           |               || (196,  4) |  3.333, 3.333 |
|           |               ||           |               || (196,  5) |  4.345, 4.345 |
|           |               ||           |               || (196,  6) |  5.357, 5.357 |
|           |               ||           |               || (197,  4) |  3.333, 3.333 |
|           |               ||           |               || (197,  5) |  4.345, 4.345 |
|           |               ||           |               || (197,  6) |  5.357, 5.357 |
|           |               ||           |               || (198,  4) |  3.333, 3.333 |
|           |               ||           |               || (198,  5) |  4.345, 4.345 |
|           |               ||           |               || (198,  6) |  5.357, 5.357 |
|           |               ||           |               || (199,  4) |  3.333, 3.333 |
|           |               ||           |               || (199,  5) |  4.345, 4.345 |
|           |               ||           |               || (199,  6) |  5.357, 5.357 |
|           |               ||           |               || (200,  4) |  3.333, 3.333 |
|           |               ||           |               || (200,  5) |  4.345, 4.345 |
|           |               ||           |               || (200,  6) |  5.357, 5.357 |
|           |               ||           |               || (201,  4) |  3.333, 3.333 |
|           |               ||           |               || (201,  5) |  4.345, 4.345 |
|           |               ||           |               || (201,  6) |  5.357, 5.357 |
|           |               ||           |               || (202,  4) |  3.333, 3.333 |
|           |               ||           |               || (202,  5) |  4.345, 4.345 |
|           |               ||           |               || (202,  6) |  5.357, 5.357 |
|           |               ||           |               || (203,  4) |  3.333, 3.333 |
|           |               ||           |               || (203,  5) |  4.345, 4.345 |
|           |               ||           |               || (203,  6) |  5.357, 5.357 |
|           |               ||           |               || (204,  4) |  3.333, 3.298 |
|           |               ||           |               || (204,  5) |  4.345, 4.311 |
|           |               ||           |               || (204,  6) |  5.357, 5.324 |
|           |               ||           |               || (205,  4) |  3.367, 3.206 |
|           |               ||           |               || (205,  5) |  4.378, 4.221 |
|           |               ||           |               || (205,  6) |  5.389, 5.236 |
|           |               ||           |               || (206,  4) |  3.458, 3.112 |
|           |               ||           |               || (206,  5) |  4.467, 4.130 |
|           |               ||           |               || (206,  6) |  5.476, 5.147 |
|           |               ||           |               || (207,  4) |  3.550, 3.018 |
|           |               ||           |               || (207,  5) |  4.557, 4.038 |
|           |               ||           |               || (207,  6) |  5.564, 5.057 |
|           |               ||           |               || (208,  5) |  4.646, 3.945 |
|           |               ||           |               || (208,  6) |  5.651, 4.966 |
|           |               ||           |               || (209,  5) |  4.735, 3.852 |
|           |               ||           |               || (209,  6) |  5.737, 4.875 |
|           |               ||           |               || (210,  5) |  4.823, 3.758 |
|           |               ||           |               || (210,  6) |  5.824, 4.783 |
|           |               ||           |               || (211,  5) |  4.911, 3.663 |
|           |               ||           |               || (211,  6) |  5.910, 4.691 |
|           |               ||           |               || (212,  5) |  4.999, 3.566 |
|           |               ||           |               || (212,  6) |  5.996, 4.597 |
|           |               ||           |               || (213,  5) |  5.087, 3.469 |
|           |               ||           |               || (214,  5) |  5.176, 3.370 |
|           |               ||           |               || (215,  5) |  5.265, 3.269 |
|           |               ||           |               || (216,  5) |  5.354, 3.166 |
|           |               ||           |               || (217,  5) |  5.444, 3.062 |
|           |               ||           |               || (251,  5) |  5.116, 3.198 |
|           |               ||           |               || (252,  5) |  4.840, 3.438 |
|           |               ||           |               || (252,  6) |  5.839, 4.470 |
|           |               ||           |               || (253,  5) |  4.600, 3.639 |
|           |               ||           |               || (253,  6) |  5.605, 4.666 |
|           |               ||           |               || (254,  5) |  4.399, 3.800 |
|           |               ||           |               || (254,  6) |  5.408, 4.823 |
|           |               ||           |               || (255,  5) |  4.238, 3.935 |
|           |               ||           |               || (255,  6) |  5.250, 4.955 |
|           |               ||           |               || (256,  4) |  3.086, 3.000 |
|           |               ||           |               || (256,  5) |  4.102, 4.018 |
|           |               ||           |               || (256,  6) |  5.118, 5.036 |
|           |               ||           |               || (257,  4) |  3.000, 3.000 |
|           |               ||           |               || (257,  5) |  4.018, 4.018 |
|           |               ||           |               || (257,  6) |  5.036, 5.036 |
|           |               ||           |               || (258,  4) |  3.000, 3.000 |
|           |               ||           |               || (258,  5) |  4.018, 4.018 |
|           |               ||           |               || (258,  6) |  5.036, 5.036 |
|           |               ||           |               || (259,  4) |  3.000, 3.000 |
|           |               ||           |               || (259,  5) |  4.018, 4.018 |
|           |               ||           |               || (259,  6) |  5.036, 5.036 |
